validDate,nbmMaxT,nbmDeltaT,skyCover,windSpeed,sin(windDir),cos(windDir),6hrQPF,observedMaxT
MAY-20-2020,88,8,51,5,-0.68386,-0.72495,24,94
MAY-21-2020,87,8,35,5,0.49493,-0.85724,1,91
MAY-22-2020,87,6,22,8,0.98986,-0.11575,0,88
MAY-23-2020,85,5,49,9,0.98986,-0.11575,4,87
MAY-24-2020,81,1,78,8,0.95472,-0.17012,77,79
MAY-25-2020,82,2,82,9,0.75828,-0.63626,84,78
MAY-26-2020,87,7,47,7,-0.05787,-0.98480,41,87
MAY-27-2020,88,7,37,5,0.39121,-0.90561,2,86
MAY-28-2020,87,5,46,6,0.85725,-0.49492,0,87
MAY-29-2020,86,4,42,7,0.96976,-0.22975,0,88
MAY-30-2020,87,6,29,6,0.91513,-0.39467,0,89
MAY-31-2020,88,8,26,4,0.79936,-0.59518,0,89
JUNE-1-2020,88,7,67,6,1.00000,0,5,90
JUNE-2-2020,85,3,78,10,1.00000,0,5,89
JUNE-3-2020,86,4,78,8,0.89057,-0.44733,0,87
JUNE-4-2020,83,3,96,7,0.79936,-0.59518,8,84
JUNE-5-2020,85,3,93,8,0.85725,-0.49492,23,88
JUNE-6-2020,87,4,91,10,0.68387,-0.72494,0,88
JUNE-7-2020,88,4,76,9,0.44734,-0.89057,0,91
JUNE-8-2020,89,5,74,5,0.54759,-0.83269,0,88
JUNE-9-2020,89,7,57,5,0.79936,-0.59518,0,91
JUNE-10-2020,89,7,52,5,0.98986,-0.11575,1,91
JUNE-11-2020,87,4,37,8,0.98986,0.11576,0,88
JUNE-12-2020,87,6,35,8,0.95472,0.28590,0,88
JUNE-13-2020,86,5,68,8,0.98986,0.11576,1,89
JUNE-14-2020,86,4,70,7,0.95472,-0.05787,25,89
JUNE-15-2020,87,5,77,3,0.51069,0,47,88
JUNE-16-2020,87,9,18,5,0.55281,0.67482,6,88
JUNE-18-2020,87,3,75,6,0.93969,-0.34201,102,90
JUNE-19-2020,87,5,72,5,0.63627,-0.75827,7,90
JUNE-20-2020,89,7,57,4,0.90561,-0.05787,4,91
JUNE-21-2020,89,6,61,5,0.91513,-0.39467,0,91
JUNE-22-2020,90,7,46,5,0.96976,-0.11399,0,93
JUNE-23-2020,91,7,38,5,0.76604,-0.64278,0,93
JUNE-24-2020,92,9,25,4,0.79936,-0.59518,0,95
JUNE-25-2020,92,7,20,7,0.95472,-0.28588,0,94
JUNE-26-2020,91,5,30,7,0.98986,0,0,94
JUNE-27-2020,91,6,13,8,0.99493,0.05788,0,93
JUNE-28-2020,92,7,15,6,0.93969,-0.34201,0,94
JUNE-29-2020,93,9,29,4,0.93523,-0.28066,0,94
JUNE-30-2020,94,10,8,4,0.25534,-0.21426,0,98
JULY-1-2020,93,9,21,4,-0.04237,-0.89684,15,96
JULY-2-2020,93,9,30,4,0.11576,-0.98986,21,95
JULY-3-2020,94,10,26,4,-0.21250,-0.71441,25,95
JULY-4-2020,93,7,52,4,-0.46055,-0.80816,14,94
JULY-5-2020,92,7,59,4,-0.38614,-0.89684,12,94
JULY-6-2020,92,8,42,4,0.85725,-0.49492,34,91
JULY-7-2020,92,7,34,4,0.91068,-0.33332,8,95
JULY-8-2020,93,7,40,4,0.71068,-0.66959,12,95
JULY-9-2020,94,10,28,3,-0.04759,-0.36666,1,98
JULY-10-2020,94,9,48,4,-0.67482,-0.43705,36,97
JULY-11-2020,92,7,57,5,-0.44211,-0.61694,43,90
JULY-12-2020,92,8,57,6,-0.49492,-0.85725,3,91
JULY-13-2020,93,8,54,5,-0.58867,-0.79161,3,94
JULY-14-2020,93,9,35,3,-0.15637,-0.69938,15,97
JULY-15-2020,92,8,35,3,0.95027,0.10879,7,95
JULY-16-2020,90,7,28,7,0.98480,0.17365,1,94
JULY-17-2020,90,6,30,9,1.00000,0,5,92
JULY-18-2020,89,4,66,9,0.99493,0.05788,6,86
JULY-19-2020,90,4,35,8,0.98986,-0.11575,4,93
JULY-20-2020,89,3,33,10,0.98986,-0.11575,7,92
JULY-21-2020,88,4,78,9,0.90561,-0.39120,8,89
JULY-22-2020,87,3,87,8,0.93969,-0.34201,29,88
JULY-23-2020,87,3,85,9,0.81616,-0.53601,50,88
JULY-24-2020,88,5,40,10,0.95472,-0.28588,39,91
JULY-25-2020,88,4,47,10,0.93969,-0.34201,5,92
JULY-26-2020,88,5,68,7,0.93969,-0.34201,1,93
JULY-27-2020,90,6,24,6,0.85725,-0.49492,0,93
JULY-28-2020,90,8,28,6,0.91513,-0.39467,0,93
JULY-29-2020,89,7,27,7,0.95472,-0.28588,0,94
JULY-30-2020,91,8,28,7,0.99493,-0.05787,0,93
JULY-31-2020,91,8,7,10,0.93016,0.33856,0,94
AUGUST-1-2020,88,4,75,11,0.22278,0.93017,99,92
AUGUST-2-2020,90,8,60,9,-0.38614,-0.89684,16,86
AUGUST-3-2020,90,7,65,7,-0.22454,-0.95027,22,90
AUGUST-4-2020,90,7,46,4,0.38093,-0.87734,17,86
AUGUST-5-2020,89,6,55,4,0.56934,-0.76856,8,87
AUGUST-6-2020,90,8,35,4,0.91513,-0.39467,10,93
AUGUST-7-2020,90,8,29,5,0.97483,-0.17188,0,93
AUGUST-8-2020,90,8,21,6,0.98480,-0.05787,0,93
AUGUST-9-2020,90,8,32,6,0.97482,0.17189,0,92
AUGUST-10-2020,90,8,32,6,0.97482,0.17189,0,93
AUGUST-11-2020,90,9,38,5,0.95472,-0.05787,0,94
AUGUST-12-2020,91,8,29,6,0.88180,-0.44226,0,92
AUGUST-13-2020,91,7,22,7,0.91513,-0.39467,0,92
AUGUST-14-2020,91,8,20,6,0.79936,-0.59518,0,92
AUGUST-15-2020,91,9,23,5,0.75828,-0.63626,6,90
AUGUST-16-2020,92,9,20,3,0.49493,-0.85724,13,92
AUGUST-17-2020,92,10,36,3,0.46961,-0.13627,4,94
AUGUST-18-2020,91,8,38,4,0.54759,-0.83269,2,93
AUGUST-19-2020,90,6,58,5,0.33855,-0.93017,25,92
AUGUST-20-2020,90,6,44,6,0.28589,-0.95472,29,91
AUGUST-21-2020,91,7,46,8,0.68387,-0.72494,2,92
AUGUST-22-2020,90,6,30,9,0.89057,-0.44733,1,92
AUGUST-23-2020,91,5,29,11,0.96976,-0.11399,4,92
AUGUST-24-2020,89,2,44,15,0.85725,-0.49492,20,92
AUGUST-25-2020,91,5,29,10,0.90561,-0.39120,0,92
AUGUST-26-2020,90,5,20,9,0.96976,-0.22975,0,91
AUGUST-27-2020,91,7,41,7,0.79936,-0.59518,4,91
AUGUST-28-2020,92,8,27,6,0.39121,-0.90561,0,92
AUGUST-29-2020,92,9,40,6,0.44734,-0.89057,3,92
AUGUST-30-2020,92,9,39,4,0.00176,-0.96976,18,93
AUGUST-31-2020,92,8,32,4,0.11401,-0.93969,25,92
SEPTEMBER-1-2020,91,8,22,5,0.81616,-0.53601,10,93
SEPTEMBER-2-2020,92,9,21,7,0.99493,-0.05787,0,92
SEPTEMBER-3-2020,92,6,27,8,0.98480,-0.17363,0,93
SEPTEMBER-4-2020,92,7,29,9,0.99493,0.05788,0,93
SEPTEMBER-5-2020,91,6,50,9,0.98480,0.17365,2,93
SEPTEMBER-6-2020,90,6,43,8,0.95978,0.22802,2,91
SEPTEMBER-7-2020,89,6,39,7,0.97483,-0.17188,8,87
SEPTEMBER-8-2020,89,5,70,6,0.82392,-0.54252,14,89
SEPTEMBER-9-2020,90,7,57,5,0.63627,-0.75827,29,89
SEPTEMBER-10-2020,89,7,42,6,0.98986,-0.11575,9,88
SEPTEMBER-11-2020,89,7,48,5,0.98986,0,56,91
SEPTEMBER-12-2020,86,4,78,8,0.83269,-0.54758,34,81
SEPTEMBER-13-2020,88,5,73,7,0.54759,-0.83269,11,87
SEPTEMBER-14-2020,89,6,62,7,0.59519,-0.79936,19,89
SEPTEMBER-15-2020,89,7,43,7,0.83269,-0.54758,0,90
SEPTEMBER-16-2020,89,7,30,8,0.68387,-0.72494,0,90
SEPTEMBER-17-2020,90,8,49,8,0.28589,-0.95472,0,91
SEPTEMBER-18-2020,91,9,44,7,-0.28588,-0.95472,17,91
SEPTEMBER-19-2020,91,10,34,3,0.01028,-0.36159,12,92
SEPTEMBER-20-2020,91,9,38,5,0.36588,0.71591,35,91
SEPTEMBER-21-2020,86,4,64,13,0.79936,0.59519,6,83
SEPTEMBER-22-2020,86,6,31,13,0.86602,0.50000,0,88
SEPTEMBER-23-2020,86,7,60,10,0.95472,0.28590,5,88
SEPTEMBER-24-2020,88,7,39,10,0.89057,-0.44733,0,85
SEPTEMBER-25-2020,89,6,71,7,0.11576,-0.98986,32,89
SEPTEMBER-26-2020,90,9,33,3,-0.36588,-0.71591,24,91
SEPTEMBER-27-2020,89,8,33,5,0.98480,-0.05787,6,91
SEPTEMBER-28-2020,88,7,45,7,0.54759,-0.83269,1,90
SEPTEMBER-29-2020,89,8,28,8,0.22977,-0.96976,5,90
SEPTEMBER-30-2020,89,8,43,5,-0.02455,-0.28067,33,92
OCTOBER-1-2020,89,8,46,5,0.34655,0.16160,41,90
OCTOBER-2-2020,85,6,64,7,0.38614,0.89684,6,84
OCTOBER-3-2020,86,5,79,9,0.96976,-0.22975,51,85
OCTOBER-4-2020,89,6,46,11,0.82392,-0.54252,0,89
OCTOBER-5-2020,89,5,28,11,0.96976,-0.22975,0,90
OCTOBER-6-2020,89,4,33,13,0.96976,-0.22975,8,90
OCTOBER-7-2020,89,4,26,13,0.90561,-0.39120,0,89
OCTOBER-8-2020,89,6,29,10,0.95472,-0.28588,0,89
OCTOBER-9-2020,89,5,27,12,0.94520,-0.28241,10,89
OCTOBER-10-2020,89,4,38,9,0.59519,-0.79936,2,90
OCTOBER-11-2020,90,6,57,7,-0.05788,-0.99492,35,91
OCTOBER-12-2020,90,9,41,4,-0.47467,-0.52749,52,92
OCTOBER-13-2020,89,11,17,7,0.05265,0.93523,0,89
OCTOBER-14-2020,88,9,27,10,0.65802,0.69416,0,89
OCTOBER-15-2020,88,7,50,9,0.96976,0.11401,0,89
OCTOBER-16-2020,87,5,72,5,0.91188,0.09851,19,89
OCTOBER-17-2020,87,6,53,12,0.68386,0.72495,76,88
OCTOBER-18-2020,86,4,57,11,0.83269,0.54759,17,88
OCTOBER-19-2020,85,4,67,13,0.95472,0.28590,23,84
OCTOBER-20-2020,84,3,78,12,0.98986,0.11576,50,85
OCTOBER-21-2020,84,2,76,12,0.99493,0.05788,16,79
OCTOBER-22-2020,85,4,44,12,0.99493,-0.05787,8,85
OCTOBER-28-2020,88,5,23,11,0.95472,-0.28588,0,88
OCTOBER-29-2020,89,6,29,9,0.54759,-0.83269,0,88
OCTOBER-30-2020,88,8,51,4,-0.03777,0.21425,20,89
OCTOBER-31-2020,85,6,53,10,0.85724,0.49494,0,87
NOVEMBER-1-2020,88,7,25,7,0.95027,0.22455,0,87
NOVEMBER-2-2020,82,3,49,16,0.44733,0.89057,0,80
NOVEMBER-3-2020,80,6,25,16,0.76604,0.64279,0,80
NOVEMBER-4-2020,83,7,25,17,0.86602,0.50000,0,82
NOVEMBER-5-2020,84,4,58,14,0.98480,0.17365,33,85
NOVEMBER-6-2020,84,4,59,14,0.96976,0.22977,29,84
NOVEMBER-7-2020,82,1,89,16,0.98480,0.17365,104,83
NOVEMBER-8-2020,81,0,89,19,0.79936,0.59519,121,78
NOVEMBER-9-2020,84,1,68,17,0.93969,-0.34201,54,84
NOVEMBER-10-2020,85,2,56,16,0.76604,-0.64278,13,84
NOVEMBER-11-2020,86,4,69,14,0.50000,-0.86602,1,83
NOVEMBER-12-2020,85,3,63,12,0,-0.99999,2,82
NOVEMBER-13-2020,86,8,37,4,0.44505,0.75028,1,86
NOVEMBER-14-2020,84,7,56,8,0.91188,0.33003,21,86
NOVEMBER-15-2020,86,7,26,7,0.83896,-0.48639,0,85
NOVEMBER-16-2020,85,9,26,8,0.79936,0.59519,0,86
NOVEMBER-17-2020,83,5,68,11,0.44733,0.89057,32,84
NOVEMBER-18-2020,79,6,35,16,0.64278,0.76604,0,80
NOVEMBER-19-2020,79,6,49,16,0.89057,0.44734,2,81
NOVEMBER-20-2020,82,7,29,14,0.86602,0.50000,0,81
NOVEMBER-21-2020,82,6,31,13,0.86602,0.50000,2,82
NOVEMBER-22-2020,83,8,43,9,0.89057,0.44734,1,82
NOVEMBER-23-2020,84,10,30,9,0.11400,0.96976,0,80
NOVEMBER-24-2020,82,7,40,12,0.86602,0.50000,0,82
NOVEMBER-25-2020,82,6,32,11,0.99493,-0.05787,0,81
NOVEMBER-26-2020,83,8,28,7,0.95979,-0.22800,0,83
NOVEMBER-27-2020,82,9,45,6,0.79160,0.58868,0,81
NOVEMBER-28-2020,83,10,25,4,0.73523,0.61694,0,81
NOVEMBER-29-2020,83,10,27,6,0.75679,-0.45280,0,83
NOVEMBER-30-2020,83,10,30,10,-0.72495,-0.68387,0,84
DECEMBER-1-2020,70,6,9,10,-0.17365,0.98480,0,68
DECEMBER-2-2020,74,19,24,10,0.52748,0.79787,0,74
DECEMBER-3-2020,76,12,29,10,0.98480,0.17365,0,76
DECEMBER-4-2020,79,9,47,8,0.75828,-0.63626,0,78
DECEMBER-5-2020,83,12,41,4,-0.93523,0.05265,6,84
DECEMBER-6-2020,81,11,57,4,0.81322,0.17467,0,84
DECEMBER-7-2020,77,2,77,9,-0.93523,0.28066,4,78
DECEMBER-8-2020,66,9,8,9,-0.64279,0.76603,0,64
DECEMBER-9-2020,67,17,8,8,-0.44734,0.89057,0,65
DECEMBER-10-2020,72,20,15,6,0.22454,0.95027,0,73
DECEMBER-11-2020,76,14,60,7,0.74401,0.62200,0,78
DECEMBER-12-2020,80,8,51,9,0.79936,-0.59518,5,79
DECEMBER-13-2020,82,11,46,5,0.64279,-0.76603,0,82
DECEMBER-14-2020,84,12,35,6,-0.61693,-0.73524,0,85
DECEMBER-15-2020,82,10,57,4,-0.58537,-0.46961,0,82
DECEMBER-16-2020,83,11,46,7,0.22455,-0.95027,0,83
DECEMBER-17-2020,82,9,46,6,-0.90191,0.32826,0,84
DECEMBER-18-2020,72,13,19,9,0.11400,0.96976,0,72
DECEMBER-19-2020,76,12,24,8,0.91188,0.33003,0,77
DECEMBER-20-2020,81,13,29,6,0.28589,-0.95472,0,81
DECEMBER-21-2020,79,6,31,9,-0.69416,0.65802,0,80
DECEMBER-22-2020,76,14,26,9,0.28066,0.93523,0,76
DECEMBER-23-2020,79,11,39,10,0.98986,-0.11575,0,79
DECEMBER-24-2020,82,9,57,12,0.28067,-0.93523,1,82
DECEMBER-25-2020,73,1,24,12,-0.50000,0.86602,0,74
DECEMBER-26-2020,65,14,24,8,-0.22977,0.96976,0,64
DECEMBER-27-2020,74,17,34,6,0.44505,0.75028,0,75
DECEMBER-28-2020,77,12,52,9,0.66959,0.71068,1,77
DECEMBER-29-2020,77,9,38,12,0.86602,0.50000,0,77
DECEMBER-30-2020,79,8,44,14,0.98480,-0.17363,0,80
DECEMBER-31-2020,81,7,40,14,0.76604,-0.64278,0,81
JANUARY-1-2021,82,7,33,13,0.64279,-0.76603,0,82
JANUARY-2-2021,81,7,55,11,0.50000,-0.86602,0,82
JANUARY-3-2021,83,11,56,8,-0.28588,-0.95472,0,84
JANUARY-4-2021,76,6,52,5,-0.44734,0.89057,0,75
JANUARY-5-2021,74,13,7,8,-0.34202,0.93968,0,72
JANUARY-6-2021,73,17,13,5,0.36412,0.83120,0,75
JANUARY-7-2021,77,15,43,7,0.59390,-0.71590,0,77
JANUARY-8-2021,78,8,44,11,-0.99493,0.05787,0,75
JANUARY-9-2021,68,10,16,8,-0.59519,0.79936,0,66
JANUARY-10-2021,70,18,26,5,0.36412,0.83120,0,72
JANUARY-11-2021,77,13,58,7,0.63627,-0.75827,0,77
JANUARY-12-2021,78,10,82,3,-0.90561,0.39120,0,78
JANUARY-13-2021,78,10,59,5,0.05787,0.98480,0,77
JANUARY-14-2021,72,7,58,6,-0.28589,0.95472,0,70
JANUARY-15-2021,76,10,64,5,-0.70919,-0.02455,0,76
JANUARY-16-2021,73,8,61,9,-0.89684,0.38613,0,74
JANUARY-17-2021,69,12,54,4,-0.69762,0.58536,0,69
JANUARY-18-2021,74,11,36,6,-0.44734,0.89057,0,73
JANUARY-19-2021,75,14,22,9,0.91512,0.39468,0,75
JANUARY-20-2021,76,14,37,7,0.44226,0.88180,0,75
JANUARY-21-2021,77,16,27,4,0.52749,-0.03601,0,77
JANUARY-22-2021,80,16,28,6,-0.79936,-0.59519,0,80
JANUARY-24-2021,80,12,44,4,0.71441,0.32827,0,82
JANUARY-25-2021,81,10,57,10,0.59519,-0.79936,0,79
JANUARY-26-2021,83,11,28,9,0.17365,-0.98480,0,83
JANUARY-27-2021,85,13,22,7,-0.39120,-0.90562,0,86
JANUARY-28-2021,77,5,28,12,-0.16667,0.94520,0,76
JANUARY-29-2021,71,12,50,9,0.28066,0.93523,0,74
JANUARY-30-2021,74,11,51,10,0.98480,-0.05787,0,75
JANUARY-31-2021,78,9,66,10,0.33855,-0.93017,0,78
FEBRUARY-1-2021,76,5,30,14,-0.98986,0.11575,0,76
FEBRUARY-2-2021,66,12,14,13,-0.91513,0.39467,0,65
FEBRUARY-3-2021,68,17,8,8,-0.68387,0.72494,0,67
FEBRUARY-4-2021,72,22,11,5,0.65802,-0.06769,0,72
FEBRUARY-5-2021,79,16,30,9,-0.11576,-0.98986,0,78
FEBRUARY-6-2021,83,10,42,11,0.22977,-0.96976,0,82
FEBRUARY-7-2021,84,8,56,11,-0.63627,-0.75828,0,86
FEBRUARY-8-2021,83,10,46,6,0.68387,-0.72494,26,85
FEBRUARY-9-2021,83,9,31,7,0.72495,-0.68386,0,83
FEBRUARY-10-2021,82,9,43,8,0.91513,-0.39467,0,83
FEBRUARY-11-2021,82,8,35,9,0.79936,-0.59518,0,81
FEBRUARY-12-2021,83,10,43,9,0.54759,-0.83269,0,84
FEBRUARY-13-2021,84,8,41,11,0.39468,-0.91513,0,83
FEBRUARY-14-2021,85,8,39,10,0.28589,-0.95472,0,86
FEBRUARY-15-2021,85,9,24,11,0.22977,-0.96976,0,86
FEBRUARY-16-2021,82,5,72,8,-0.49492,-0.85725,23,83
FEBRUARY-17-2021,83,9,48,10,0.63627,-0.75827,0,83
FEBRUARY-18-2021,84,8,48,11,0.39468,-0.91513,0,85
FEBRUARY-19-2021,86,9,38,11,-0.11400,-0.97989,5,85
FEBRUARY-20-2021,76,9,48,12,0.11400,0.96976,0,76
FEBRUARY-21-2021,76,7,38,15,0.93968,0.34203,0,76
FEBRUARY-22-2021,82,8,36,11,0.63627,-0.75827,2,81
FEBRUARY-23-2021,83,10,49,5,-0.47990,0.40267,14,85
FEBRUARY-24-2021,82,9,45,7,0.94520,-0.16665,0,80
FEBRUARY-25-2021,83,11,41,4,0.41694,0.44506,0,86
FEBRUARY-26-2021,84,10,29,9,0.89057,-0.44733,0,84
FEBRUARY-27-2021,84,9,31,12,0.83269,-0.54758,0,83
FEBRUARY-28-2021,84,8,43,13,0.86602,-0.49999,0,84
MARCH-1-2021,85,8,42,10,0.50000,-0.86602,0,84
MARCH-2-2021,85,10,49,6,0.42852,-0.84401,0,85
MARCH-3-2021,87,13,18,11,-0.93016,-0.33856,0,86
MARCH-4-2021,80,13,25,7,-0.39121,0.90561,0,73
MARCH-5-2021,79,14,41,10,0.46960,0.80294,2,80
MARCH-6-2021,79,10,70,8,0.74046,-0.31322,13,79
MARCH-7-2021,77,11,47,14,0,0.98986,0,78
MARCH-8-2021,73,10,49,14,0.68386,0.72495,0,73
MARCH-9-2021,75,8,35,15,0.86602,0.50000,0,75
MARCH-10-2021,77,7,40,15,0.93968,0.34203,5,78
MARCH-11-2021,78,7,37,14,0.97482,0.17189,6,80
MARCH-12-2021,79,8,29,12,0.91512,0.39468,0,80
MARCH-13-2021,81,10,33,9,0.91512,0.39468,0,81
MARCH-14-2021,82,11,32,8,0.85725,-0.49492,0,82
MARCH-15-2021,83,12,32,8,0.93017,-0.33854,0,83
MARCH-16-2021,83,9,36,11,0.64279,-0.76603,0,81
MARCH-17-2021,85,10,28,10,0.44734,-0.89057,0,83
MARCH-18-2021,86,10,32,13,0.11576,-0.98986,0,85
MARCH-19-2021,85,9,58,8,-0.98986,-0.11576,0,85
MARCH-20-2021,80,13,47,6,0.36412,0.83120,2,82
MARCH-21-2021,82,14,40,5,-0.93523,0.05265,0,78
MARCH-22-2021,80,16,22,5,-0.97989,0.11400,0,78
MARCH-23-2021,82,16,37,5,-0.25534,-0.84072,0,80
MARCH-24-2021,85,17,33,8,0.44734,-0.89057,0,84
MARCH-25-2021,86,10,29,11,0.59519,-0.79936,0,86
MARCH-26-2021,86,9,39,10,0.68387,-0.72494,0,85
MARCH-27-2021,86,9,33,11,0.89057,-0.44733,0,85
MARCH-28-2021,86,9,42,11,0.50000,-0.86602,0,85
MARCH-29-2021,86,9,44,8,0.91513,-0.39467,0,86
MARCH-30-2021,86,8,38,11,0.86602,-0.49999,0,86
MARCH-31-2021,86,6,39,11,0.76604,-0.64278,0,86
APRIL-1-2021,86,9,69,5,-0.54252,-0.31323,39,89
APRIL-2-2021,75,10,46,16,0.22800,0.95979,0,78
APRIL-3-2021,74,7,59,15,0.79936,0.59519,0,75
APRIL-4-2021,76,7,33,13,0.91512,0.39468,0,77
APRIL-5-2021,78,10,27,11,0.91512,0.39468,0,78
APRIL-6-2021,80,11,43,9,0.99493,0.05788,0,80
APRIL-7-2021,81,13,27,8,0.98986,0,0,81
APRIL-8-2021,82,10,22,9,0.76604,-0.64278,0,81
APRIL-9-2021,83,10,25,10,0.76604,-0.64278,0,81
APRIL-10-2021,85,9,32,12,0.39468,-0.91513,0,85
APRIL-11-2021,87,8,58,11,-0.50015,-0.69938,41,91
APRIL-12-2021,88,9,59,9,-0.85575,0.19921,16,87
APRIL-13-2021,85,13,20,9,0.91512,0.39468,0,88
APRIL-14-2021,83,9,24,11,0.98986,0,0,83
APRIL-15-2021,84,10,24,10,0.39468,-0.91513,0,84
APRIL-16-2021,89,15,17,8,-0.46960,-0.80294,0,88
APRIL-17-2021,91,14,16,10,-0.78283,-0.58362,0,90
APRIL-18-2021,92,13,55,10,-0.68386,-0.72495,0,89
APRIL-19-2021,90,9,69,12,-0.63627,-0.75828,0,92
APRIL-20-2021,89,9,71,11,-0.38614,-0.89684,0,85
APRIL-21-2021,86,6,91,7,-0.99493,-0.05788,6,88
APRIL-22-2021,84,11,52,8,0.79160,0.58868,0,85
APRIL-23-2021,83,5,60,12,0.95472,0.28590,9,84
APRIL-24-2021,87,7,55,13,0.49493,-0.85724,0,86
APRIL-25-2021,91,9,41,9,-0.82392,-0.54253,0,93
APRIL-26-2021,87,9,27,10,0.83269,0.54759,0,86
APRIL-27-2021,84,6,52,13,0.98480,0.17365,0,84
APRIL-28-2021,85,7,33,12,0.98986,-0.11575,0,84
APRIL-29-2021,87,6,33,11,0.64279,-0.76603,0,87
APRIL-30-2021,89,8,46,8,0.39468,-0.91513,5,88
MAY-1-2021,89,9,41,5,-0.15637,-0.58362,0,91
MAY-2-2021,89,8,32,10,0.34202,-0.93969,0,89
MAY-3-2021,89,7,65,12,0.44734,-0.89057,0,88
MAY-4-2021,90,7,32,11,0.50000,-0.86602,0,89
MAY-5-2021,91,8,28,9,0.44734,-0.89057,0,89
MAY-6-2021,91,9,28,7,0.22801,-0.95979,75,91
MAY-7-2021,90,11,42,6,-0.43523,-0.00800,35,93
MAY-8-2021,85,7,21,11,0.91512,0.39468,0,85
MAY-9-2021,86,5,45,11,0.89684,-0.38614,18,84
MAY-10-2021,89,6,34,9,0.50000,-0.86602,3,88
MAY-11-2021,90,8,25,8,0.86602,-0.49999,0,90
MAY-12-2021,90,7,52,8,0.63627,-0.75827,0,89
MAY-13-2021,90,8,64,5,-0.08868,-0.83626,27,94
MAY-14-2021,85,6,69,9,0.56857,0.75679,29,87
MAY-15-2021,85,8,36,12,0.79936,0.59519,1,86
MAY-16-2021,84,5,58,14,0.83269,0.54759,32,85
MAY-17-2021,84,6,41,12,0.91512,0.39468,0,84
MAY-18-2021,84,5,68,15,0.96976,0.22977,0,86
MAY-19-2021,84,4,71,17,0.98986,0.11576,0,85
MAY-20-2021,83,4,52,17,0.98480,0.17365,0,85
MAY-21-2021,84,6,39,16,0.93968,0.34203,0,84
MAY-22-2021,84,5,28,15,0.95472,0.28590,0,84
MAY-23-2021,84,7,36,11,0.98480,0.17365,0,84
MAY-24-2021,85,8,14,10,1.00000,0,0,84
MAY-25-2021,86,7,16,11,0.99493,-0.05787,0,85
MAY-26-2021,86,7,37,10,0.98986,-0.11575,0,86
MAY-27-2021,87,7,47,8,0.91513,-0.39467,0,87
MAY-28-2021,88,8,19,8,0.76604,-0.64278,0,87
MAY-29-2021,89,9,25,9,0.44734,-0.89057,0,88
MAY-30-2021,89,8,50,7,0.54253,-0.82391,18,88
MAY-31-2021,87,5,48,9,1.00000,0,6,89
JUNE-1-2021,86,5,40,11,0.99493,-0.05787,7,86
JUNE-2-2021,87,6,52,10,0.99493,-0.05787,1,86
JUNE-3-2021,86,4,54,10,0.79936,-0.59518,15,85
JUNE-4-2021,88,5,44,10,0.76604,-0.64278,1,88
JUNE-5-2021,89,5,41,11,0.89057,-0.44733,0,88
JUNE-6-2021,89,5,49,12,0.89057,-0.44733,0,88
JUNE-7-2021,88,5,45,13,0.95472,-0.28588,0,89
JUNE-8-2021,88,4,35,12,0.97483,-0.17188,0,88
JUNE-9-2021,88,6,31,10,0.98986,-0.11575,0,89
JUNE-10-2021,89,5,20,9,0.86602,-0.49999,0,89
JUNE-11-2021,90,6,33,8,0.54759,-0.83269,0,90
JUNE-12-2021,91,6,63,8,0,-0.95979,33,90
JUNE-13-2021,91,8,56,8,-0.67735,-0.71720,6,94
JUNE-14-2021,88,4,86,9,-0.66959,-0.71069,31,86
JUNE-15-2021,91,6,77,7,-0.28066,-0.93523,49,89
JUNE-16-2021,88,4,86,5,0.53602,-0.81616,28,88
JUNE-17-2021,88,6,88,6,0.97483,-0.17188,2,89
JUNE-18-2021,89,5,81,9,0.95472,-0.28588,0,90
JUNE-19-2021,90,5,57,10,0.76604,-0.64278,0,90
JUNE-20-2021,91,4,59,8,0.34202,-0.93969,4,92
JUNE-21-2021,91,4,64,9,0.59519,-0.79936,0,92
JUNE-22-2021,91,5,56,10,0.54759,-0.83269,4,92
JUNE-23-2021,90,4,65,7,0.83269,-0.54758,3,92
JUNE-24-2021,87,4,67,8,0.99493,-0.05787,40,85
JUNE-25-2021,88,4,59,10,0.97483,-0.17188,3,87
JUNE-26-2021,89,4,51,10,0.97483,-0.05612,3,88
JUNE-27-2021,89,5,31,10,0.98480,0.17365,0,90
JUNE-28-2021,89,6,52,9,0.95472,-0.28588,1,86
JUNE-29-2021,89,4,58,9,0.93969,-0.34201,3,89
JUNE-30-2021,88,4,54,9,0.97483,-0.17188,3,86
JULY-1-2021,88,4,62,6,0.79787,-0.52748,4,82
JULY-2-2021,90,6,54,6,-0.34201,-0.93969,6,90
JULY-3-2021,93,10,22,6,-0.31322,-0.87586,18,94
JULY-4-2021,92,8,33,6,0.89057,-0.44733,0,92
JULY-5-2021,88,3,64,11,0.59519,-0.79936,39,91
JULY-6-2021,87,2,86,12,0.54759,-0.83269,3,85
JULY-7-2021,89,5,60,9,0.49493,-0.85724,10,90
JULY-8-2021,90,5,57,8,0.50000,-0.86602,1,90
JULY-9-2021,91,6,54,8,0.83269,-0.54758,1,91
JULY-10-2021,88,4,54,7,0.91513,-0.16665,3,89
JULY-11-2021,89,6,44,9,0.83120,-0.47988,6,89
JULY-12-2021,89,5,39,11,0.98480,-0.05787,33,85
JULY-13-2021,88,5,50,11,0.98986,-0.11575,34,87
JULY-14-2021,89,4,52,9,0.97482,0.05613,25,88
JULY-15-2021,89,5,41,11,0.96976,0.22977,0,90
JULY-16-2021,88,4,39,9,0.98986,-0.11575,0,89
JULY-17-2021,89,5,42,8,0.96976,-0.22975,1,89
JULY-18-2021,90,5,26,9,0.93969,-0.34201,0,90
JULY-19-2021,90,5,33,9,0.79936,-0.59518,2,90
JULY-20-2021,91,5,46,7,0.64279,-0.76603,1,90
JULY-21-2021,92,6,42,7,0.39468,-0.91513,3,92
JULY-22-2021,92,6,37,5,0.90191,0.10026,0,94
JULY-23-2021,91,6,49,5,0.21426,-0.91187,70,91
JULY-24-2021,90,5,69,5,-0.50521,-0.64149,34,91
JULY-25-2021,89,6,58,7,0.39121,-0.90561,4,91
JULY-26-2021,90,4,46,7,0.44734,-0.89057,2,90
JULY-27-2021,91,5,44,6,0.11576,-0.98986,9,92
JULY-28-2021,93,7,42,4,-0.16160,-0.67988,13,92
JULY-29-2021,92,7,34,5,0.16666,-0.95533,18,92
JULY-30-2021,92,6,42,7,0.39468,-0.91513,7,93
JULY-31-2021,92,6,40,7,0.49493,-0.85724,0,92
AUGUST-1-2021,92,6,37,7,0.49493,-0.85724,12,92
AUGUST-2-2021,92,6,75,7,0.44734,-0.89057,21,91
AUGUST-3-2021,90,4,84,8,0.22977,-0.96976,36,89
AUGUST-4-2021,90,5,68,7,0.39121,-0.90561,1,91
AUGUST-5-2021,91,6,60,7,0.58868,-0.79160,17,92
AUGUST-6-2021,91,6,38,7,0.72495,-0.68386,1,91
AUGUST-7-2021,91,4,44,7,0.53602,-0.81616,1,90
AUGUST-8-2021,91,5,24,7,0.95472,-0.28588,0,91
AUGUST-9-2021,91,5,32,8,0.98986,-0.11575,0,91
AUGUST-10-2021,91,5,37,9,0.98480,-0.05787,0,92
AUGUST-11-2021,91,5,35,9,0.99493,0.05788,1,92
AUGUST-12-2021,91,6,36,10,0.93016,0.33856,3,92
AUGUST-13-2021,90,4,55,12,0.89057,0.44734,28,90
AUGUST-14-2021,85,-1,88,13,0.89057,-0.44733,65,88
AUGUST-15-2021,89,3,76,10,0.91513,-0.39467,32,87
AUGUST-16-2021,91,6,48,8,0.68387,-0.72494,1,91
AUGUST-17-2021,91,5,40,9,0.89057,-0.44733,1,92
AUGUST-18-2021,92,5,18,10,0.91513,-0.39467,0,92
AUGUST-19-2021,92,7,15,8,0.98986,-0.11575,0,92
AUGUST-20-2021,92,9,28,6,0.93523,-0.28066,0,92
AUGUST-21-2021,92,8,22,8,0.59519,-0.79936,0,91
AUGUST-22-2021,92,7,40,9,0.87228,-0.43880,0,92
AUGUST-23-2021,92,6,72,9,0.71720,-0.67735,0,92
AUGUST-24-2021,92,6,35,10,0.79936,-0.59518,0,91
AUGUST-25-2021,91,6,26,13,0.96976,0.22977,10,91
AUGUST-26-2021,90,6,40,11,0.98986,-0.11575,6,90
AUGUST-27-2021,89,4,59,11,0.98480,-0.17363,1,91
AUGUST-28-2021,90,5,64,12,0.86602,-0.49999,1,91
AUGUST-29-2021,91,5,49,8,0.89057,-0.44733,1,91
AUGUST-30-2021,91,8,34,6,0.93017,-0.33854,1,90
AUGUST-31-2021,92,9,37,5,0.38093,-0.87734,7,94
SEPTEMBER-1-2021,93,12,31,6,-0.65802,-0.69416,7,96
SEPTEMBER-2-2021,92,9,48,7,-0.79936,-0.59519,4,90
SEPTEMBER-3-2021,91,8,68,7,-0.86082,-0.36935,6,86
SEPTEMBER-4-2021,91,9,46,5,-0.50293,-0.53778,33,92
SEPTEMBER-5-2021,92,10,41,4,-0.61694,-0.55788,22,94
SEPTEMBER-6-2021,92,10,26,4,-0.02733,-0.41220,26,95
SEPTEMBER-7-2021,91,9,34,4,0.75534,0.07441,21,91
SEPTEMBER-8-2021,91,8,47,6,0.26186,-0.79936,35,91
SEPTEMBER-9-2021,93,10,36,6,-0.27214,-0.91694,88,93
SEPTEMBER-10-2021,92,9,34,4,0.11907,-0.32200,63,91
SEPTEMBER-11-2021,92,8,31,8,0.98986,-0.11575,0,91
SEPTEMBER-12-2021,91,5,33,11,0.98480,0.17365,1,90
SEPTEMBER-13-2021,90,5,58,10,0.99493,-0.05787,1,90
SEPTEMBER-14-2021,90,6,47,8,0.93968,-0.11399,10,89
SEPTEMBER-15-2021,90,7,45,6,0.65653,-0.62645,14,90
SEPTEMBER-16-2021,90,8,44,7,0.28243,-0.94520,10,87
SEPTEMBER-17-2021,91,8,43,6,0.22977,-0.96976,17,91
SEPTEMBER-18-2021,91,9,41,4,0.90561,0.05788,8,92
SEPTEMBER-19-2021,90,9,42,6,0.41348,-0.05612,10,91
SEPTEMBER-20-2021,89,7,51,7,0.97483,-0.17188,3,89
SEPTEMBER-21-2021,89,5,68,7,0.93523,-0.05265,3,88
SEPTEMBER-22-2021,89,6,53,5,0.36083,-0.65802,23,88
SEPTEMBER-23-2021,90,9,47,5,-0.21425,-0.91188,76,88
SEPTEMBER-24-2021,90,9,39,4,0.64149,0.48465,15,89
SEPTEMBER-25-2021,89,7,49,4,0.60190,0.38599,88,91
SEPTEMBER-26-2021,88,7,38,10,0.67735,0.71720,0,89
SEPTEMBER-27-2021,88,8,20,10,0.62469,0.74175,0,89
SEPTEMBER-28-2021,88,8,25,9,0.74401,0.62200,0,88
SEPTEMBER-29-2021,88,9,33,8,0.74401,0.62200,0,89
SEPTEMBER-30-2021,88,7,28,10,0.89057,0.44734,7,89
OCTOBER-1-2021,88,7,27,12,0.95472,0.28590,0,83
OCTOBER-2-2021,88,5,29,12,0.96976,0.22977,7,87
OCTOBER-3-2021,88,8,32,10,0.93968,0.34203,0,87
OCTOBER-4-2021,89,8,29,7,0.96976,0.22977,0,88
OCTOBER-5-2021,89,8,26,7,0.98480,-0.17363,0,88
OCTOBER-6-2021,89,7,41,8,0.95472,-0.28588,0,89
OCTOBER-7-2021,90,6,39,9,0.95472,-0.28588,0,90
OCTOBER-8-2021,89,6,65,7,0.93969,-0.34201,0,89
OCTOBER-9-2021,88,6,65,3,-0.95027,-0.22455,70,90
OCTOBER-10-2021,87,8,32,4,0.64149,0.48465,20,89
OCTOBER-11-2021,88,9,37,5,0.38093,-0.87734,33,85
OCTOBER-12-2021,88,8,38,5,0.91694,-0.27213,5,87
OCTOBER-13-2021,88,7,29,7,0.95027,0.22455,2,88
OCTOBER-14-2021,88,7,33,7,0.83269,0.54759,0,89
OCTOBER-15-2021,88,8,40,7,0.74401,0.62200,4,89
OCTOBER-16-2021,89,11,29,5,0.15637,0.69937,0,90
OCTOBER-17-2021,89,11,36,6,0.05265,0.93523,0,91
OCTOBER-18-2021,85,7,49,11,0.76604,0.64279,0,85
OCTOBER-19-2021,85,8,47,10,0.91512,0.39468,0,85
OCTOBER-20-2021,86,7,39,11,0.93016,0.33856,0,86
OCTOBER-21-2021,87,7,34,10,0.99493,0.05788,1,87
OCTOBER-22-2021,86,6,80,7,0.96976,0.22977,1,83
OCTOBER-23-2021,86,5,59,7,0.93016,0.33856,6,88
OCTOBER-24-2021,86,6,69,5,0.98986,-0.11575,9,86
OCTOBER-25-2021,88,6,73,7,-0.71068,-0.66960,17,88
OCTOBER-26-2021,90,9,27,7,-0.98986,0.11575,0,89
OCTOBER-27-2021,88,11,25,5,-0.96976,-0.00176,0,90
OCTOBER-28-2021,89,8,61,11,-0.49999,-0.86603,16,90
OCTOBER-29-2021,87,7,48,11,-0.93968,-0.34203,0,86
OCTOBER-30-2021,83,6,41,11,-0.96976,-0.22977,0,82
OCTOBER-31-2021,83,12,30,5,-0.54402,0.60893,0,84
NOVEMBER-1-2021,82,8,55,6,0.51321,0.78360,2,83
NOVEMBER-2-2021,83,8,59,6,0.69135,0.64656,0,78
NOVEMBER-3-2021,84,8,26,8,0.72495,0.68387,2,84
NOVEMBER-4-2021,84,7,69,5,0.98986,0.11576,6,83
NOVEMBER-5-2021,81,3,90,6,0.71068,-0.66959,42,79
NOVEMBER-6-2021,80,5,22,12,-0.98480,0.17363,0,76
NOVEMBER-7-2021,76,12,20,9,-0.76605,0.64277,0,76
NOVEMBER-8-2021,79,14,14,9,-0.28589,0.95472,0,77
NOVEMBER-9-2021,81,12,46,9,0.63627,0.75828,0,80
NOVEMBER-10-2021,83,11,53,7,0.88092,0.25534,22,83
NOVEMBER-11-2021,83,5,83,9,0.96976,-0.22975,4,82
NOVEMBER-12-2021,82,6,69,3,0.66160,0.39121,19,81
NOVEMBER-13-2021,84,8,65,3,-0.94520,0.16665,1,85
NOVEMBER-14-2021,81,9,57,5,-0.59519,0.79936,0,77
NOVEMBER-15-2021,79,13,45,9,0.33332,0.91068,0,78
NOVEMBER-16-2021,81,9,58,11,0.83269,0.54759,0,79
NOVEMBER-17-2021,82,7,67,12,0.98480,0.17365,0,81
NOVEMBER-18-2021,81,2,92,9,0.99493,-0.05787,42,81
NOVEMBER-19-2021,80,4,79,8,0.63627,0.75828,23,83
NOVEMBER-20-2021,81,3,87,10,0.86602,0.50000,51,81
NOVEMBER-21-2021,82,4,64,8,0.95979,0,21,83
NOVEMBER-22-2021,83,8,55,5,-0.83120,0.47988,28,84
NOVEMBER-23-2021,75,7,18,11,-0.17189,0.97482,0,73
NOVEMBER-24-2021,75,8,40,11,0.76604,0.64279,0,77
NOVEMBER-25-2021,78,7,45,8,0.89684,0.38615,0,77
NOVEMBER-26-2021,79,10,28,4,-0.54759,0.83269,0,80
NOVEMBER-27-2021,78,12,21,5,0.10878,0.95027,0,77
NOVEMBER-28-2021,79,13,32,3,-0.56934,0.19121,0,79
NOVEMBER-29-2021,75,11,16,7,-0.34202,0.93968,0,74
NOVEMBER-30-2021,77,14,12,6,0.43880,0.87228,0,78
DECEMBER-1-2021,79,13,39,5,0.94520,0.28243,0,80
DECEMBER-2-2021,81,14,21,6,-0.11401,0.96976,0,81
DECEMBER-3-2021,79,14,34,7,0.56857,0.75679,0,80
DECEMBER-4-2021,80,12,46,6,0.94520,0.16667,0,79
DECEMBER-5-2021,82,9,34,6,0.93017,-0.22278,0,83
DECEMBER-6-2021,83,9,57,6,0.71720,-0.67735,0,83
DECEMBER-7-2021,83,10,40,4,0.78067,0.31323,0,85
DECEMBER-8-2021,84,10,22,5,0.28243,-0.94520,0,84
DECEMBER-9-2021,83,11,24,4,0.67482,0.10372,0,85
DECEMBER-10-2021,83,10,34,6,0.98480,-0.05787,0,83
DECEMBER-11-2021,83,9,25,7,0.82392,-0.54252,0,83
DECEMBER-12-2021,84,11,31,6,0.76856,0.56935,0,84
DECEMBER-13-2021,83,9,25,9,0.83269,0.54759,0,84
DECEMBER-14-2021,82,8,38,9,0.79160,0.58868,0,82
DECEMBER-15-2021,80,5,48,12,0.96976,0.22977,4,82
DECEMBER-16-2021,82,7,38,12,0.99493,-0.05787,2,82
DECEMBER-17-2021,83,8,41,11,1.00000,0,0,83
DECEMBER-18-2021,83,6,70,10,0.91513,-0.39467,0,83
DECEMBER-19-2021,82,6,57,7,0.39468,-0.91513,5,85
DECEMBER-20-2021,82,9,50,5,0.40267,0.81323,0,83
DECEMBER-21-2021,81,6,80,11,-0.49492,-0.85725,40,79
DECEMBER-22-2021,74,8,23,8,-0.59519,0.79936,0,71
DECEMBER-23-2021,75,16,8,8,0.05612,0.97483,0,75
DECEMBER-24-2021,78,14,43,7,0.67482,0.55281,2,79
DECEMBER-25-2021,80,13,11,6,0.87735,-0.38092,0,80
DECEMBER-26-2021,81,13,19,3,0.33333,0.65653,0,83
DECEMBER-27-2021,81,12,13,4,0.48613,-0.05265,0,83
DECEMBER-28-2021,80,10,44,7,0.63627,-0.75827,0,79
DECEMBER-29-2021,82,10,30,8,0.50000,-0.86602,0,81
DECEMBER-30-2021,84,11,29,7,0.44734,-0.89057,0,83
DECEMBER-31-2021,83,11,27,5,0.75828,-0.63626,0,82
JANUARY-1-2022,83,9,30,10,0.44734,-0.89057,0,82
JANUARY-2-2022,84,10,21,10,0.11576,-0.98986,0,83
JANUARY-3-2022,81,4,56,9,-0.75535,0.50293,0,81
JANUARY-4-2022,78,12,42,8,0.60190,0.70919,2,78
JANUARY-5-2022,81,8,59,6,0.25711,-0.75550,7,81
JANUARY-6-2022,80,11,54,5,-0.96976,0.11399,0,80
JANUARY-7-2022,81,10,60,4,-0.56934,0.43523,15,83
JANUARY-8-2022,79,5,63,12,0.96976,0.22977,21,79
JANUARY-9-2022,80,6,56,12,1.00000,0,0,79
JANUARY-10-2022,81,6,68,4,0.87079,0.37111,22,82
JANUARY-11-2022,76,5,75,12,0.43880,0.87228,8,77
JANUARY-12-2022,75,5,53,10,0.83269,0.54759,9,76
JANUARY-13-2022,76,7,35,7,-0.53602,0.81615,0,77
JANUARY-14-2022,73,12,6,8,-0.64279,0.76603,0,72
JANUARY-15-2022,75,16,6,5,0.22801,-0.95979,0,75
JANUARY-16-2022,78,6,64,16,-0.36935,-0.86082,47,77
JANUARY-17-2022,72,9,39,10,-0.88181,0.44226,0,75
JANUARY-18-2022,69,13,10,6,0.21425,0.91188,0,71
JANUARY-19-2022,75,16,25,6,0.83269,-0.11906,0,75
JANUARY-20-2022,79,10,40,5,0.91513,-0.39467,10,81
JANUARY-21-2022,80,9,62,4,0.80816,0.11679,2,82
JANUARY-22-2022,79,7,73,4,-0.22977,0.96976,3,79
JANUARY-23-2022,74,9,47,7,-0.54759,0.83269,0,64
JANUARY-24-2022,67,16,15,5,-0.39121,0.90561,0,65
JANUARY-25-2022,74,18,60,5,0.44733,-0.31323,0,74
JANUARY-26-2022,79,8,60,8,-0.51321,-0.78361,14,82
JANUARY-27-2022,79,9,61,4,-0.64279,0.76603,0,82
JANUARY-28-2022,78,9,59,7,-0.95472,0.28588,0,75
JANUARY-29-2022,66,4,10,13,-0.68387,0.72494,0,66
JANUARY-30-2022,63,18,7,8,-0.17189,0.97482,0,63
JANUARY-31-2022,71,20,26,8,0.54402,0.71426,0,71
FEBRUARY-1-2022,74,11,74,11,0.98480,0.17365,0,75
FEBRUARY-2-2022,77,9,35,13,0.98986,-0.11575,0,78
FEBRUARY-3-2022,80,8,32,12,0.89057,-0.44733,0,80
FEBRUARY-4-2022,81,8,25,9,0.68387,-0.72494,0,81
FEBRUARY-5-2022,80,9,58,5,0.10878,0.95027,3,81
FEBRUARY-6-2022,81,9,42,5,0.89057,-0.44733,1,81
FEBRUARY-7-2022,81,10,32,5,-0.09225,-0.19999,4,82
FEBRUARY-8-2022,79,9,68,6,0.39120,0.90561,0,82
FEBRUARY-9-2022,73,5,84,7,-0.34202,0.93968,1,67
FEBRUARY-10-2022,77,14,29,8,0.28066,0.93523,0,79
FEBRUARY-11-2022,79,13,63,6,0.61693,0.73524,0,81
FEBRUARY-12-2022,82,12,23,5,0.61694,0.10879,0,83
FEBRUARY-13-2022,79,4,87,6,-0.95027,0.10878,49,75
FEBRUARY-14-2022,71,13,24,11,0.28066,0.93523,0,72
FEBRUARY-15-2022,75,9,83,14,0.95472,0.28590,0,77
FEBRUARY-16-2022,78,6,56,14,0.98986,0.11576,1,79
FEBRUARY-17-2022,82,7,31,12,0.86602,-0.49999,0,81
FEBRUARY-18-2022,84,10,27,6,0.17189,-0.97482,0,84
FEBRUARY-19-2022,83,10,46,4,-0.16667,0.79936,2,85
FEBRUARY-20-2022,78,7,47,11,0.85724,0.49494,0,79
FEBRUARY-21-2022,80,8,40,10,0.95472,0.28590,0,80
FEBRUARY-22-2022,81,9,35,12,0.98986,-0.11575,0,82
FEBRUARY-23-2022,82,8,19,9,1.00000,0,0,83
FEBRUARY-24-2022,82,9,30,11,0.98480,-0.17363,0,82
FEBRUARY-25-2022,82,9,34,9,0.99493,-0.05787,0,82
FEBRUARY-26-2022,82,9,26,9,0.96976,0.22977,0,82
FEBRUARY-27-2022,83,10,27,7,0.83896,-0.48639,0,84
FEBRUARY-28-2022,83,12,22,5,-0.47467,-0.09897,0,85
MARCH-1-2022,81,12,27,6,0.08867,0.73095,0,82
MARCH-2-2022,80,10,34,8,0.88180,0.44228,0,79
MARCH-3-2022,81,10,29,9,0.96976,0.22977,0,81
MARCH-4-2022,81,11,11,12,0.86602,0.50000,0,81
MARCH-5-2022,82,7,24,16,1.00000,0,0,81
MARCH-6-2022,83,6,29,14,0.98986,-0.11575,0,82
MARCH-7-2022,83,7,47,13,0.86602,-0.49999,0,83
MARCH-8-2022,84,8,27,11,0.54759,-0.83269,0,84
MARCH-9-2022,85,9,24,13,0.34202,-0.93969,0,84
MARCH-10-2022,86,9,41,11,0.28589,-0.95472,0,85
MARCH-11-2022,86,11,28,10,0.44734,-0.89057,0,86
MARCH-12-2022,89,10,50,16,-0.75027,-0.44506,5,90
MARCH-13-2022,74,16,45,13,0.62469,0.74175,0,74
MARCH-14-2022,79,8,40,13,0.93968,0.34203,0,77
MARCH-15-2022,83,7,47,10,0.98986,-0.11575,4,79
MARCH-16-2022,84,8,60,11,0.11576,-0.98986,8,85
MARCH-17-2022,84,9,55,6,-0.10878,-0.95027,8,85
MARCH-18-2022,85,9,27,9,0.76604,-0.64278,0,85
MARCH-19-2022,86,9,41,9,0.64279,-0.76603,0,85
MARCH-20-2022,85,10,51,5,0.68433,0.55628,11,87
MARCH-21-2022,80,7,36,14,0.91512,0.39468,0,79
MARCH-22-2022,82,7,36,14,0.95472,-0.28588,0,82
MARCH-23-2022,85,7,45,13,0.44734,-0.89057,4,85
MARCH-24-2022,86,7,67,12,0.11576,-0.98986,4,87
MARCH-25-2022,78,6,71,8,-0.39468,0.91512,0,80
MARCH-26-2022,80,14,11,7,-0.49493,0.85724,0,79
MARCH-27-2022,81,17,23,9,0.21426,0.92201,0,82
MARCH-28-2022,83,16,34,5,0.59865,0.32827,0,83
MARCH-29-2022,85,16,9,7,0.82826,0.23079,0,85
MARCH-30-2022,83,8,24,16,0.86602,-0.49999,0,83
MARCH-31-2022,85,7,35,15,0.34202,-0.93969,0,85
APRIL-1-2022,88,9,72,9,0.05788,-0.99492,38,88
APRIL-2-2022,87,10,32,8,0.05788,-0.95472,8,87
APRIL-3-2022,87,9,72,6,-0.65978,0.38092,13,87
APRIL-4-2022,83,5,71,7,0.81323,-0.40267,57,83
APRIL-5-2022,86,7,45,13,0.44734,-0.89057,0,86
APRIL-6-2022,89,8,40,12,0.17365,-0.98480,0,90
APRIL-7-2022,90,9,55,12,-0.53601,-0.81617,2,92
APRIL-8-2022,84,7,64,8,-0.69416,0.65802,0,82
APRIL-9-2022,82,14,44,12,-0.95472,0.28588,0,82
APRIL-10-2022,77,16,14,11,0.65802,0.69416,0,79
APRIL-11-2022,80,10,33,13,1.00000,0,0,80
APRIL-12-2022,82,8,36,13,0.98480,-0.17363,0,83
APRIL-13-2022,84,7,44,12,0.89057,-0.44733,0,84
APRIL-14-2022,85,7,45,10,0.68387,-0.72494,1,86
APRIL-15-2022,85,7,61,7,0.89057,-0.44733,5,83
APRIL-16-2022,85,8,29,10,0.83269,-0.54758,0,84
APRIL-17-2022,86,7,42,9,0.91513,-0.39467,0,86
APRIL-18-2022,87,8,39,6,0.97482,0.17189,18,88
APRIL-19-2022,85,10,26,13,0.43880,0.87228,0,88
APRIL-20-2022,80,6,48,16,0.83269,0.54759,0,83
APRIL-21-2022,82,6,45,15,0.89057,0.44734,0,83
APRIL-22-2022,82,5,56,17,0.83269,0.54759,8,83
APRIL-23-2022,83,6,33,15,0.95472,0.28590,0,85
APRIL-24-2022,84,7,21,13,0.99493,0.05788,0,84
APRIL-25-2022,84,6,28,12,0.99493,0.05788,0,85
APRIL-26-2022,84,7,26,9,0.99493,-0.05787,0,85
APRIL-27-2022,86,9,52,7,0.59519,-0.79936,0,85
APRIL-28-2022,85,8,57,5,0.48614,-0.70919,69,88
APRIL-29-2022,81,4,76,9,0.99493,-0.05787,9,84
APRIL-30-2022,82,5,67,8,0.91513,-0.39467,2,84
MAY-1-2022,84,7,32,10,0.99493,-0.05787,0,85
MAY-2-2022,85,6,33,11,0.98480,-0.17363,0,86
MAY-3-2022,86,6,56,10,0.95472,-0.28588,2,87
MAY-4-2022,87,8,47,7,0.79936,-0.59518,4,88
MAY-5-2022,88,9,31,6,0.21426,-0.58867,0,91
MAY-6-2022,90,11,29,7,-0.25534,-0.88092,0,93
MAY-7-2022,91,9,49,13,-0.90561,-0.39121,0,93
MAY-8-2022,91,11,35,10,-0.99493,-0.05788,3,94
MAY-9-2022,88,9,35,10,0.67735,0.71720,0,87
MAY-10-2022,85,8,24,12,0.59518,0.79936,0,85
MAY-11-2022,85,11,47,10,0.32826,0.90191,6,88
MAY-12-2022,84,11,43,6,0.61694,0.55788,14,84
MAY-13-2022,86,10,37,7,0.83269,-0.54758,19,86
MAY-14-2022,88,10,41,6,0.95979,-0.22800,0,89
MAY-15-2022,88,8,53,6,0.98986,-0.11575,66,89
MAY-16-2022,88,8,64,6,0.54759,-0.83269,56,89
MAY-17-2022,89,10,29,5,0.29643,-0.17317,1,89
MAY-18-2022,91,11,35,6,0.91513,-0.16665,0,91
MAY-19-2022,91,10,56,7,0.54253,-0.82391,0,90
MAY-20-2022,88,4,84,8,0.67482,-0.55280,17,91
MAY-21-2022,90,6,65,12,0.79936,-0.59518,0,88
MAY-22-2022,89,5,82,11,0.97483,-0.17188,0,89
MAY-23-2022,89,6,45,11,0.93969,-0.34201,0,88
MAY-24-2022,88,6,53,12,0.93017,-0.33854,0,88
MAY-25-2022,89,5,50,13,0.95472,-0.28588,0,88
MAY-26-2022,89,6,47,11,0.89057,-0.44733,0,88
MAY-27-2022,90,7,55,9,0.39468,-0.91513,0,89
MAY-28-2022,90,7,52,8,0.34202,-0.93969,53,89
MAY-29-2022,89,8,64,7,0.58361,-0.78283,35,89
MAY-30-2022,87,5,65,8,0.96976,-0.22975,7,88
MAY-31-2022,86,5,75,7,0.98480,-0.05787,36,86
JUNE-1-2022,87,7,46,7,0.93016,0.33856,11,92
JUNE-2-2022,87,8,48,7,0.58868,-0.79160,7,88
JUNE-3-2022,83,2,90,10,0.49493,-0.85724,163,78
JUNE-4-2022,86,5,85,15,-0.51321,-0.78361,33,86
JUNE-5-2022,91,10,38,8,-0.98480,-0.17365,8,89
JUNE-6-2022,91,8,54,6,-0.27214,-0.91694,10,87
JUNE-7-2022,88,6,70,7,-0.44733,-0.89058,76,87
JUNE-8-2022,89,9,57,5,-0.59389,-0.71591,16,88
JUNE-9-2022,91,8,58,5,-0.75678,-0.56857,38,91
JUNE-10-2022,89,7,57,6,-0.37063,-0.83896,45,89
JUNE-11-2022,89,7,56,7,0.17365,-0.98480,14,87
JUNE-12-2022,91,8,31,7,0.22977,-0.96976,1,92
JUNE-13-2022,91,6,36,7,0.95472,-0.28588,0,91
JUNE-14-2022,90,5,32,7,0.93523,-0.28066,0,90
JUNE-15-2022,90,6,46,7,0.91513,-0.16665,0,90
JUNE-16-2022,91,6,52,8,0.99493,-0.05787,0,91
JUNE-17-2022,91,6,39,8,0.73523,0.61694,1,90
JUNE-18-2022,92,8,21,5,0.82392,-0.11400,0,90
JUNE-19-2022,91,7,62,5,0,-0.62645,12,92
JUNE-20-2022,90,7,46,6,0.95027,0.10879,31,89
JUNE-21-2022,88,4,48,11,0.79160,0.58868,0,88
JUNE-22-2022,87,5,40,11,0.89057,0.44734,0,86
JUNE-23-2022,90,9,32,6,0.72495,-0.25534,0,89
JUNE-24-2022,92,10,28,6,-0.14133,-0.75550,0,91
JUNE-25-2022,92,8,44,5,0.09374,-0.44505,38,91
JUNE-26-2022,90,6,53,6,0.79161,-0.58867,8,90
JUNE-27-2022,90,5,31,8,0.72495,-0.68386,7,90
JUNE-28-2022,90,5,39,8,0.72495,-0.68386,3,90
JUNE-29-2022,90,6,40,6,0.86082,-0.36934,11,91
JUNE-30-2022,90,5,43,8,0.95472,-0.28588,8,91
JULY-1-2022,90,4,37,11,0.98480,-0.17363,3,90
JULY-2-2022,90,5,48,11,0.89057,-0.44733,0,90
JULY-3-2022,91,5,39,10,0.89057,-0.44733,0,91
JULY-4-2022,91,4,33,10,0.99493,0.05788,0,91
JULY-5-2022,90,4,45,9,1.00000,0,3,91
JULY-6-2022,90,4,38,9,0.76604,-0.64278,3,91
JULY-7-2022,90,5,27,10,0.89057,-0.44733,0,91
JULY-8-2022,91,6,42,11,0.91513,-0.39467,0,91
JULY-9-2022,91,5,23,10,0.54759,-0.83269,1,92
JULY-10-2022,92,6,38,8,0.17365,-0.98480,47,93
JULY-11-2022,92,7,34,9,0.28589,-0.95472,14,94
JULY-12-2022,93,8,24,9,0.44734,-0.89057,0,92
JULY-13-2022,92,6,40,8,0.54759,-0.83269,8,93
JULY-14-2022,91,6,31,10,0.54759,-0.83269,0,90
JULY-15-2022,90,5,34,10,0.98480,-0.17363,2,87
JULY-16-2022,89,4,62,10,0.79161,-0.58867,4,88
JULY-17-2022,89,5,62,10,0.39468,-0.91513,3,91
JULY-18-2022,91,6,38,10,0.50000,-0.86602,10,90
JULY-19-2022,92,7,19,9,0.76604,-0.64278,0,90
JULY-20-2022,92,7,12,9,0.93969,-0.34201,0,90
JULY-21-2022,92,7,11,10,0.85725,-0.49492,0,91
JULY-22-2022,91,6,38,10,0.79936,-0.59518,3,90
JULY-23-2022,91,6,26,11,0.95472,-0.28588,1,91
JULY-24-2022,90,6,51,11,0.98480,-0.17363,0,91
JULY-25-2022,90,6,39,11,0.98986,-0.11575,0,91
JULY-26-2022,89,4,49,12,0.81616,-0.53601,57,86
JULY-27-2022,91,7,40,11,0.76604,-0.64278,0,90
JULY-28-2022,91,8,19,11,0.99493,-0.05787,0,91
JULY-29-2022,90,6,23,12,0.98986,-0.11575,0,90
JULY-30-2022,90,6,38,12,0.98480,-0.17363,0,90
JULY-31-2022,91,6,28,12,0.98480,-0.17363,0,91
AUGUST-1-2022,91,6,38,10,0.88180,-0.44226,0,91
AUGUST-2-2022,91,7,28,8,0.96976,-0.22975,0,91
AUGUST-3-2022,90,8,23,9,0.98480,-0.17363,0,90
AUGUST-4-2022,90,6,30,11,0.89057,-0.44733,1,90
AUGUST-5-2022,90,6,32,11,0.93969,-0.34201,6,90
AUGUST-6-2022,90,6,32,12,0.99493,-0.05787,1,90
AUGUST-7-2022,90,5,52,10,0.99493,-0.05787,1,88
AUGUST-8-2022,90,7,58,10,0.93017,-0.33854,0,90
AUGUST-9-2022,91,5,38,12,0.81616,-0.53601,2,90
AUGUST-10-2022,91,7,38,11,0.91513,-0.39467,0,91
AUGUST-11-2022,91,6,32,10,0.98986,-0.11575,0,90
AUGUST-12-2022,91,7,33,9,0.93017,-0.33854,0,92
AUGUST-13-2022,91,9,36,7,0.62470,-0.74175,2,92
AUGUST-14-2022,90,8,57,6,-0.26691,-0.85725,32,92
AUGUST-15-2022,91,9,43,5,-0.62645,-0.56135,18,93
AUGUST-16-2022,92,10,42,7,-0.21426,-0.92200,37,93
AUGUST-17-2022,92,9,34,8,-0.79936,-0.59519,2,96
AUGUST-18-2022,93,9,34,6,-0.31322,-0.77054,27,96
AUGUST-19-2022,92,8,27,8,0.68387,-0.72494,0,94
AUGUST-20-2022,92,6,38,10,0.99493,0.05788,0,94
AUGUST-21-2022,92,6,32,11,0.99493,0.05788,0,93
AUGUST-22-2022,92,7,30,10,0.98986,-0.11575,0,93
AUGUST-23-2022,92,7,37,8,0.89057,-0.44733,1,93
AUGUST-24-2022,92,7,37,8,0.89057,-0.44733,2,93
AUGUST-25-2022,92,8,39,9,0.76604,-0.64278,1,93
AUGUST-26-2022,93,8,41,8,0.71068,-0.66959,2,93
AUGUST-27-2022,92,8,51,7,0.61694,-0.73523,56,91
AUGUST-28-2022,90,6,65,7,0.72495,-0.68386,21,91
AUGUST-29-2022,90,6,72,9,0.58868,-0.79160,43,90
AUGUST-30-2022,92,7,46,10,0.54759,-0.83269,1,92
AUGUST-31-2022,92,8,39,7,0.44505,-0.75027,7,90
SEPTEMBER-1-2022,92,8,39,6,0.81616,-0.30799,41,93
SEPTEMBER-2-2022,92,8,36,9,0.98986,-0.11575,1,93
SEPTEMBER-3-2022,92,8,31,10,0.99493,-0.05787,0,93
SEPTEMBER-4-2022,92,8,29,9,0.96976,0.22977,0,93
SEPTEMBER-5-2022,92,8,38,8,0.95027,0.10879,0,93
SEPTEMBER-6-2022,93,8,31,7,0.96976,-0.11399,1,93
SEPTEMBER-7-2022,94,10,32,5,0.36308,0.25534,25,96
SEPTEMBER-8-2022,93,9,49,6,-0.42723,-0.85576,29,93
SEPTEMBER-9-2022,92,8,44,9,-0.11576,-0.98986,4,93
SEPTEMBER-10-2022,93,8,57,8,0.44734,-0.89057,2,94
SEPTEMBER-11-2022,93,7,22,8,0.88180,-0.44226,2,94
SEPTEMBER-12-2022,92,8,42,5,0.85575,-0.19921,36,93
SEPTEMBER-13-2022,92,9,47,6,0.64656,-0.11400,18,93
SEPTEMBER-14-2022,90,6,61,5,0.85576,-0.42722,36,88
SEPTEMBER-15-2022,90,6,69,6,-0.05788,-0.99492,83,90
SEPTEMBER-16-2022,90,6,75,6,0.95472,0.05789,19,90
SEPTEMBER-17-2022,88,6,64,8,0.97482,0.05613,38,92
SEPTEMBER-18-2022,90,6,57,7,0.90561,-0.39120,6,88
SEPTEMBER-19-2022,90,7,54,6,0.63627,-0.75827,3,89
SEPTEMBER-20-2022,91,8,42,6,0.87586,0.19747,5,93
SEPTEMBER-21-2022,91,8,32,7,0.45533,0.78867,80,94
SEPTEMBER-22-2022,91,10,39,5,0.08867,0.73095,8,94
SEPTEMBER-23-2022,93,12,10,6,0.28867,0.79312,0,95
SEPTEMBER-24-2022,91,7,50,7,0.82319,0.40444,23,91
SEPTEMBER-25-2022,91,8,28,7,0.88180,-0.44226,0,91
SEPTEMBER-26-2022,88,3,87,8,0.74175,-0.62469,78,90
SEPTEMBER-27-2022,86,3,93,12,0.94520,-0.28241,38,84
SEPTEMBER-28-2022,88,4,80,19,0,-0.98986,20,86
SEPTEMBER-29-2022,89,5,52,15,-0.83269,-0.54759,1,87
SEPTEMBER-30-2022,89,12,23,6,-0.60190,-0.05266,0,85
OCTOBER-1-2022,88,10,33,5,0.15813,0.89684,11,86
OCTOBER-2-2022,87,8,51,6,-0.54759,0.83269,0,88
OCTOBER-3-2022,88,11,21,6,-0.44734,0.89057,0,90
OCTOBER-4-2022,86,10,37,8,-0.05788,0.98480,0,89
OCTOBER-5-2022,86,8,41,8,0.47989,0.83120,1,88
OCTOBER-6-2022,87,7,32,9,0.79160,0.58868,0,86
OCTOBER-7-2022,87,8,25,10,0.72495,0.68387,0,87
OCTOBER-8-2022,87,8,46,11,0.67735,0.71720,0,86
OCTOBER-9-2022,87,4,58,9,0.89057,0.44734,5,85
OCTOBER-10-2022,90,7,46,8,0.98986,0,0,90
OCTOBER-11-2022,89,6,52,8,0.98986,0,0,91
OCTOBER-12-2022,89,6,50,7,0.95472,-0.28588,0,91
OCTOBER-13-2022,87,3,74,5,-0.11400,-0.97989,45,90
OCTOBER-14-2022,87,7,62,4,0.60190,0.61401,6,88
OCTOBER-15-2022,87,6,51,8,0.83269,0.54759,8,89
OCTOBER-16-2022,87,5,38,10,0.91512,0.39468,0,88
OCTOBER-17-2022,88,6,65,6,0.66960,-0.71068,6,87
OCTOBER-18-2022,88,8,60,6,-0.99493,-0.05788,13,89
OCTOBER-19-2022,79,1,96,8,-0.34202,0.93968,0,79
OCTOBER-20-2022,81,12,54,7,-0.34202,0.93968,0,81
OCTOBER-21-2022,82,11,41,10,-0.33855,0.93016,0,83
OCTOBER-22-2022,84,12,18,10,0.10878,0.95027,0,86
OCTOBER-23-2022,86,12,19,8,0.56857,0.75679,0,86
OCTOBER-24-2022,86,10,36,8,0.85724,0.49494,0,86
OCTOBER-25-2022,86,10,19,6,0.81616,0.53602,0,89
OCTOBER-26-2022,87,12,31,4,-0.04759,-0.65978,0,87
OCTOBER-27-2022,88,12,14,5,0.98986,-0.11575,0,88
OCTOBER-28-2022,87,9,24,9,0.83269,0.54759,0,87
OCTOBER-29-2022,87,7,38,11,0.72495,0.68387,0,88
OCTOBER-30-2022,87,7,39,9,0.79160,0.58868,0,87
OCTOBER-31-2022,88,8,37,7,0.98480,-0.05787,0,88
NOVEMBER-1-2022,89,6,35,8,0.98986,-0.11575,0,90
NOVEMBER-2-2022,89,6,50,8,0.95472,0.28590,0,90
NOVEMBER-3-2022,87,7,36,8,0.79936,0.59519,1,88
NOVEMBER-4-2022,86,9,40,11,0.63627,0.75828,0,86
NOVEMBER-5-2022,87,7,51,11,0.97482,0.17189,8,87
NOVEMBER-6-2022,87,5,48,11,0.97482,0.17189,14,87
NOVEMBER-7-2022,87,6,41,14,0.59518,0.79936,0,86
NOVEMBER-8-2022,86,9,40,14,0.28588,0.95472,2,86
NOVEMBER-9-2022,81,2,92,15,-0.33855,0.93016,67,78
NOVEMBER-10-2022,85,6,49,14,-0.22976,-0.96976,6,85
NOVEMBER-11-2022,87,8,38,8,-0.22976,-0.96976,0,88
NOVEMBER-12-2022,87,10,50,4,0.11401,-0.96976,24,86
NOVEMBER-13-2022,85,9,39,4,0.10371,0.55906,3,88
NOVEMBER-14-2022,85,10,21,6,0.89684,0.38615,0,86
NOVEMBER-15-2022,87,9,36,6,0.85725,-0.49492,0,86
NOVEMBER-16-2022,88,11,24,4,-0.39121,-0.10025,0,87
NOVEMBER-17-2022,84,8,51,9,0,0.98986,0,81
NOVEMBER-18-2022,81,10,59,10,0.33332,0.91068,0,81
NOVEMBER-19-2022,83,10,49,11,0.72495,0.68387,0,81
NOVEMBER-20-2022,81,4,85,11,0.68386,0.72495,34,78
NOVEMBER-21-2022,83,4,89,9,0.93968,0.34203,6,78
NOVEMBER-22-2022,84,6,81,5,0.99493,-0.05787,0,85
NOVEMBER-24-2022,85,8,51,6,0.97989,0.11401,0,87
NOVEMBER-25-2022,87,8,47,4,0.54759,-0.83269,0,88
NOVEMBER-26-2022,86,8,58,5,0.95534,0.16666,0,87
NOVEMBER-27-2022,87,9,66,7,-0.17364,-0.98480,0,89
NOVEMBER-28-2022,86,10,40,4,-0.18842,0.73523,0,88
NOVEMBER-29-2022,85,8,25,11,0.93968,0.34203,0,84
NOVEMBER-30-2022,86,7,49,6,0.93017,-0.33854,14,86
DECEMBER-1-2022,85,7,59,10,0.62469,0.74175,3,83
DECEMBER-2-2022,82,5,31,13,0.86602,0.50000,0,82
DECEMBER-3-2022,83,7,32,11,0.91512,0.39468,0,83
DECEMBER-4-2022,83,10,35,8,0.72495,0.68387,0,82
DECEMBER-5-2022,82,11,42,6,0.43880,0.87228,4,83
DECEMBER-6-2022,83,11,18,8,0.74401,0.62200,0,83
DECEMBER-7-2022,82,8,34,9,0.91512,0.39468,0,84
DECEMBER-8-2022,82,9,29,9,0.83269,0.54759,0,82
DECEMBER-9-2022,83,11,41,6,0.17188,0.97483,1,82
DECEMBER-10-2022,84,13,12,5,0.27214,0.91694,0,82
DECEMBER-11-2022,83,13,22,4,-0.09225,0.71068,0,82
DECEMBER-12-2022,83,13,24,4,-0.32827,0.90190,0,80
DECEMBER-13-2022,81,13,22,6,0.81322,0.40268,0,82
DECEMBER-14-2022,82,9,35,10,0.50000,-0.86602,0,82
DECEMBER-15-2022,85,9,36,12,-0.11400,-0.96976,0,85
DECEMBER-16-2022,81,5,66,5,-0.08868,0.83626,1,81
DECEMBER-17-2022,80,8,70,4,0.73094,0.53778,6,80
DECEMBER-18-2022,78,5,70,8,0.11576,0.98986,0,81
DECEMBER-19-2022,78,11,47,9,0.83269,0.54759,0,79
DECEMBER-20-2022,81,8,62,9,0.99493,0.05788,8,81
DECEMBER-21-2022,81,8,52,5,0.81616,0.53602,0,82
DECEMBER-22-2022,83,10,67,7,-0.32826,-0.90190,0,85
DECEMBER-23-2022,82,7,62,7,-0.91188,0.21425,0,82
DECEMBER-24-2022,67,6,85,10,-0.34202,0.93968,0,59
DECEMBER-25-2022,58,8,80,9,-0.34202,0.93968,0,50
DECEMBER-26-2022,69,14,93,8,-0.17189,0.97482,0,56
DECEMBER-27-2022,72,9,69,8,-0.17189,0.97482,0,73
DECEMBER-28-2022,77,14,34,9,0.62469,0.74175,0,79
DECEMBER-29-2022,80,7,59,11,0.93968,0.34203,6,80
DECEMBER-30-2022,82,8,39,8,0.89057,-0.44733,0,82
DECEMBER-31-2022,83,9,39,7,0.34202,-0.93969,0,83
JANUARY-1-2023,83,10,38,3,0.44505,-0.75027,0,86
JANUARY-2-2023,83,9,48,7,0.97989,0.11401,0,84
JANUARY-3-2023,83,7,35,9,0.75828,-0.63626,0,83
JANUARY-4-2023,84,7,46,9,0.39468,-0.91513,0,84
JANUARY-5-2023,84,10,35,5,0.05788,-0.99492,0,86
JANUARY-6-2023,78,8,17,8,0.05612,0.97483,0,80
JANUARY-7-2023,79,15,26,8,0.71068,0.66960,0,79
JANUARY-8-2023,80,12,29,7,0.93523,-0.28066,0,80
JANUARY-9-2023,81,12,17,6,-0.54253,0.82391,0,80
JANUARY-10-2023,80,14,22,4,-0.32827,0.90190,0,81
JANUARY-11-2023,78,18,7,4,0.39745,0.78360,0,79
JANUARY-12-2023,80,14,30,6,0.80294,-0.46960,0,81
JANUARY-13-2023,81,14,35,12,-0.87079,-0.25535,3,82
JANUARY-14-2023,63,10,9,12,-0.75828,0.63626,0,62
JANUARY-15-2023,66,18,6,6,-0.39121,0.90561,0,64
JANUARY-16-2023,74,22,15,3,0.43001,0.36082,0,74
JANUARY-17-2023,77,19,18,5,0.38615,-0.89684,0,76
JANUARY-18-2023,78,16,14,8,0.71720,-0.67735,0,80
JANUARY-19-2023,82,13,13,8,0.39468,-0.91513,0,84
JANUARY-20-2023,83,15,17,6,0.28067,-0.93523,0,83
JANUARY-21-2023,82,13,70,6,0.64279,-0.76603,0,83
JANUARY-22-2023,83,10,45,12,-0.05612,-0.97482,0,85
JANUARY-23-2023,85,12,39,7,-0.82392,-0.11401,0,88
JANUARY-24-2023,79,7,61,10,0.98986,0.11576,0,80
JANUARY-25-2023,84,10,19,11,0.33855,-0.93017,0,84
JANUARY-26-2023,82,8,57,7,-0.49493,0.85724,0,82
JANUARY-27-2023,75,7,65,10,0.28066,0.93523,0,72
JANUARY-28-2023,78,8,73,12,0.93016,0.33856,0,79
JANUARY-29-2023,82,9,50,11,1.00000,0,0,82
JANUARY-30-2023,83,9,28,8,0.86602,-0.49999,0,84
JANUARY-31-2023,83,10,25,8,0.83269,-0.54758,0,84
FEBRUARY-1-2023,84,11,26,6,0.63627,-0.75827,0,85
FEBRUARY-2-2023,84,11,28,7,0.75828,-0.63626,0,84
FEBRUARY-3-2023,86,14,21,7,-0.91512,-0.39468,0,88
FEBRUARY-4-2023,76,4,83,16,0.72495,0.68387,8,75
FEBRUARY-5-2023,82,8,43,8,0.21426,-0.91187,4,83
FEBRUARY-6-2023,81,11,22,8,0.62469,0.74175,0,82
FEBRUARY-7-2023,78,9,30,10,0.98480,0.17365,0,80
FEBRUARY-8-2023,80,10,31,9,0.99493,0.05788,0,81
FEBRUARY-9-2023,82,9,37,11,0.89057,-0.44733,0,82
FEBRUARY-10-2023,83,10,14,10,0.72495,-0.68386,0,83
FEBRUARY-11-2023,84,10,40,11,0.28589,-0.95472,0,86
FEBRUARY-12-2023,79,6,28,14,-0.99493,0.05787,0,78
FEBRUARY-13-2023,76,14,9,8,-0.49493,0.85724,0,75
FEBRUARY-14-2023,78,18,22,8,0.93017,-0.00521,0,77
FEBRUARY-15-2023,81,10,34,11,0.83269,-0.54758,0,82
FEBRUARY-16-2023,83,9,37,10,0.59519,-0.79936,0,83
FEBRUARY-17-2023,84,9,42,9,0.22977,-0.96976,0,83
FEBRUARY-18-2023,81,8,59,10,0.43880,0.87228,0,82
FEBRUARY-19-2023,83,10,40,7,0.71720,-0.67735,0,84
FEBRUARY-20-2023,85,12,28,6,0.00522,-0.93017,0,85
FEBRUARY-21-2023,86,15,30,7,-0.28867,-0.79312,0,86
FEBRUARY-22-2023,85,12,22,10,0.59519,-0.79936,0,84
FEBRUARY-23-2023,85,11,31,9,0.68387,-0.72494,0,85
FEBRUARY-24-2023,85,12,36,8,0.99493,-0.05787,0,86
FEBRUARY-25-2023,85,12,17,7,0.96976,-0.22975,0,85
FEBRUARY-26-2023,87,16,17,5,0.19416,-0.36934,0,87
FEBRUARY-27-2023,87,16,16,8,-0.22454,-0.95027,0,84
FEBRUARY-28-2023,89,19,13,7,-0.62469,-0.74175,0,88
MARCH-1-2023,87,17,19,5,0.54759,-0.83269,0,85
MARCH-2-2023,85,13,22,9,0.39468,-0.91513,0,84
MARCH-3-2023,87,11,30,15,0.11576,-0.98986,0,87
MARCH-4-2023,90,13,30,9,-0.58867,-0.79161,0,89
MARCH-5-2023,88,16,16,5,0.58361,0.27214,0,89
MARCH-6-2023,87,13,20,6,0.82392,-0.54252,0,91
MARCH-7-2023,89,15,29,6,-0.11400,0.31322,0,91
MARCH-8-2023,86,11,55,8,0.65802,0.69416,13,90
MARCH-9-2023,81,7,34,10,0.95472,0.28590,0,80
MARCH-10-2023,83,12,48,8,0.47989,-0.83120,0,82
MARCH-11-2023,87,15,45,9,-0.95979,0.22800,2,86
MARCH-12-2023,88,15,19,7,0.28589,-0.95472,0,88
MARCH-13-2023,89,15,31,13,-0.85724,-0.49494,0,90
MARCH-14-2023,83,9,55,7,0.10878,0.95027,0,85
MARCH-15-2023,76,6,75,10,0.44226,0.88180,1,76
MARCH-16-2023,78,10,20,11,0.97482,0.17189,0,77
MARCH-17-2023,81,11,51,11,0.64279,-0.76603,0,81
MARCH-18-2023,87,14,36,10,0,-0.99999,0,87
MARCH-19-2023,81,6,75,7,0.39120,0.90561,5,79
MARCH-20-2023,73,5,84,11,-0.17189,0.97482,1,77
MARCH-21-2023,80,15,23,9,0.81616,0.53602,0,80
MARCH-22-2023,82,11,28,11,0.99493,0.05788,0,82
MARCH-23-2023,82,10,30,10,0.99493,0.05788,0,83
MARCH-24-2023,84,11,29,9,0.72495,-0.68386,0,85
MARCH-25-2023,86,10,26,9,0.44734,-0.89057,0,86
MARCH-26-2023,87,10,22,9,0.64279,-0.76603,0,86
MARCH-27-2023,88,11,36,9,0.44734,-0.89057,0,87
MARCH-28-2023,88,12,50,7,0.17189,-0.97482,12,88
MARCH-29-2023,88,14,41,6,-0.04759,0.54401,14,88
MARCH-31-2023,83,7,37,13,0.98480,-0.17363,0,83
APRIL-1-2023,87,9,39,9,0.49493,-0.85724,6,86
APRIL-2-2023,88,12,36,5,-0.32200,0.11906,0,90
APRIL-3-2023,87,11,28,9,0.64279,-0.76603,0,86
APRIL-4-2023,87,9,29,9,0.86602,-0.49999,0,86
APRIL-5-2023,86,7,33,12,0.98480,-0.17363,0,87
APRIL-6-2023,86,8,44,11,0.98986,-0.11575,0,87
APRIL-7-2023,86,7,43,10,0.98986,-0.11575,0,85
APRIL-8-2023,87,10,34,8,0.82392,-0.54252,0,86
APRIL-9-2023,88,13,56,7,-0.29819,0.17013,36,88
APRIL-10-2023,82,7,66,11,0.62469,0.74175,29,80
APRIL-11-2023,78,4,85,17,0.86602,0.50000,19,77
APRIL-12-2023,79,3,86,14,0.98986,0.11576,62,76
APRIL-13-2023,85,7,56,8,0.17189,-0.97482,106,87
APRIL-14-2023,87,10,48,7,0.22801,-0.95979,3,89
APRIL-15-2023,88,9,38,7,0.72495,-0.68386,0,89
APRIL-16-2023,88,8,53,8,0.39121,-0.90561,7,88
APRIL-17-2023,86,8,63,6,-0.27214,0.58361,34,89
APRIL-18-2023,82,10,18,11,0.54252,0.82392,0,85
APRIL-19-2023,82,10,62,10,0.89057,0.44734,0,83
APRIL-20-2023,84,9,45,9,0.95472,0.28590,3,85
APRIL-21-2023,85,10,31,8,0.95472,-0.05787,0,85
APRIL-22-2023,88,12,42,6,-0.27038,-0.89684,10,89
APRIL-23-2023,88,12,26,7,0.58361,0.38440,8,87
APRIL-24-2023,84,6,64,7,0.83627,-0.42200,25,82
APRIL-25-2023,85,7,60,7,0,-0.95979,21,87
APRIL-26-2023,87,9,56,6,0.54253,-0.82391,21,88
APRIL-27-2023,87,8,50,9,0.79936,-0.59518,0,89
APRIL-28-2023,90,8,49,12,-0.17188,-0.97482,20,88
APRIL-29-2023,90,8,46,11,0.28589,-0.95472,0,91
APRIL-30-2023,86,0,74,17,-0.83120,-0.47989,15,86
MAY-1-2023,87,13,14,6,-0.36082,0.08067,0,87
MAY-2-2023,90,16,48,7,-0.56934,-0.76857,0,90
MAY-3-2023,91,17,15,8,-0.64149,-0.16145,0,91
MAY-4-2023,90,16,11,6,0.10532,0.62645,0,88
MAY-5-2023,88,12,17,9,0.98480,-0.17363,0,88
MAY-6-2023,88,9,20,9,0.96976,0.22977,0,88
MAY-7-2023,84,5,59,14,0.96976,0.22977,0,84
MAY-8-2023,86,7,20,9,0.99493,0.05788,0,86
MAY-9-2023,89,10,35,8,0.98480,-0.05787,0,88
MAY-10-2023,91,11,26,8,0.96976,-0.00174,0,91
MAY-11-2023,89,8,37,10,0.99493,0.05788,0,88
MAY-12-2023,87,6,45,11,0.99493,0.05788,0,88
MAY-13-2023,87,5,32,11,0.99493,0.05788,0,87
MAY-14-2023,88,8,55,9,0.94520,0.28243,0,89
MAY-15-2023,88,6,59,8,0.90561,0.39121,7,89
MAY-16-2023,90,10,29,6,0.79936,-0.16666,3,91
MAY-17-2023,92,11,36,8,-0.56081,-0.75028,2,91
MAY-18-2023,91,10,36,7,-0.04237,-0.89684,44,90
MAY-19-2023,90,7,54,7,0.63627,-0.75827,40,90
MAY-20-2023,90,6,47,7,0.98480,-0.05787,3,89
MAY-21-2023,90,8,50,8,0.97989,0.11401,1,88
MAY-22-2023,90,7,48,7,0.93523,0.05266,30,89
MAY-23-2023,89,5,56,6,0,-0.84402,64,87
MAY-24-2023,89,6,63,7,-0.87735,-0.38093,39,89
MAY-25-2023,87,5,70,6,-0.10025,-0.90190,25,88
MAY-26-2023,88,7,58,6,-0.66959,-0.71069,24,85
MAY-27-2023,87,9,53,6,0.26692,-0.23079,7,88
MAY-28-2023,89,7,45,6,0.01504,-0.45457,44,93
MAY-29-2023,91,9,63,7,-0.49493,-0.23079,34,91
MAY-30-2023,89,5,63,7,0.85725,-0.49492,36,91
MAY-31-2023,87,3,86,7,0.56857,-0.75678,16,87
JUNE-1-2023,88,4,67,6,0.17189,-0.97482,50,90
JUNE-2-2023,88,5,54,6,0.54253,0.13587,54,88
JUNE-3-2023,88,6,60,5,0.62200,-0.49999,10,88
JUNE-4-2023,88,5,47,6,0.65978,0.60894,66,90
JUNE-5-2023,90,9,42,7,-0.41173,0.79786,40,92
JUNE-6-2023,88,5,59,7,0.98480,-0.17363,9,85
JUNE-7-2023,90,4,64,8,-0.56934,-0.76857,35,89
JUNE-8-2023,91,6,55,9,-0.85724,-0.49494,36,91
JUNE-9-2023,91,6,54,8,-0.63627,-0.75828,45,92
JUNE-10-2023,91,7,34,6,-0.25534,-0.77560,11,91
JUNE-11-2023,91,6,55,8,0.05788,-0.99492,103,90
JUNE-12-2023,91,5,50,8,-0.11400,-0.97989,66,89
JUNE-13-2023,92,6,46,8,-0.22800,-0.95979,26,92
JUNE-14-2023,93,6,39,8,0.28867,-0.83332,19,93
JUNE-15-2023,94,7,40,8,0.11400,-0.97989,19,93
JUNE-16-2023,96,7,41,9,-0.91512,-0.39468,2,95
JUNE-17-2023,94,6,70,9,-0.68433,-0.55628,41,94
JUNE-18-2023,93,6,58,12,-0.86602,-0.50000,12,91
JUNE-19-2023,93,7,48,7,-0.64149,-0.50522,39,94
JUNE-20-2023,93,6,58,8,-0.00521,-0.93017,110,91
JUNE-21-2023,93,6,44,9,0.34202,-0.93969,39,91
JUNE-22-2023,92,5,72,8,0.39468,-0.91513,2,88
JUNE-23-2023,93,5,62,8,0.86602,-0.49999,6,92
JUNE-24-2023,91,4,60,7,0.67736,-0.71719,21,92
JUNE-25-2023,90,3,69,6,0.75028,-0.56081,40,90
JUNE-26-2023,91,5,53,7,0.64279,-0.76603,5,91
JUNE-27-2023,92,6,33,6,0.71068,-0.33626,19,95
JUNE-28-2023,93,7,30,6,0.31323,-0.11400,2,95
JUNE-29-2023,92,5,45,6,-0.17188,-0.64149,59,95
JUNE-30-2023,91,5,62,6,0.42723,-0.85575,24,92
JULY-1-2023,91,4,51,7,0.93017,-0.33854,19,90
JULY-2-2023,92,5,55,6,0.78284,-0.58360,15,93
JULY-3-2023,92,5,48,6,0.82392,-0.11400,25,94
JULY-4-2023,93,7,35,6,0.67482,0.10372,7,93
JULY-5-2023,93,5,48,7,0.75679,-0.45280,1,94
JULY-6-2023,94,5,47,6,0,-0.91068,56,95
JULY-7-2023,94,6,65,7,-0.51668,-0.79312,20,97
JULY-8-2023,94,6,54,8,-0.47989,-0.83120,50,96
JULY-9-2023,95,7,36,7,-0.13958,-0.87079,68,94
JULY-10-2023,95,7,31,7,0.22801,-0.95979,0,95
JULY-11-2023,96,8,21,6,0.49493,-0.85724,15,96
JULY-12-2023,95,6,46,7,0.78284,-0.58360,1,97
JULY-13-2023,94,5,60,7,0.71720,-0.67735,27,95
JULY-14-2023,94,6,32,7,0.44227,-0.88180,33,95
JULY-15-2023,95,6,59,7,-0.27038,-0.89684,42,93
JULY-16-2023,95,7,60,6,0.27039,-0.89684,75,95
JULY-17-2023,94,6,71,7,0.05788,-0.95472,60,94
JULY-18-2023,93,5,70,6,0.69416,-0.65802,8,91
JULY-19-2023,93,5,57,9,0.85725,-0.49492,3,92
JULY-20-2023,94,5,39,8,0.81616,-0.53601,8,94
JULY-21-2023,95,6,44,6,0.05788,-0.99492,38,94
JULY-22-2023,96,8,39,7,-0.88180,-0.44228,6,97
JULY-23-2023,97,9,31,7,-0.25534,-0.87079,22,98
JULY-24-2023,97,9,16,6,0.48641,-0.83895,6,96
JULY-25-2023,95,7,16,8,0.99493,0.05788,0,95
JULY-26-2023,94,5,45,9,0.91512,0.39468,0,90
JULY-27-2023,91,2,59,8,0.98986,0,13,89
JULY-28-2023,92,3,65,8,0.75828,-0.63626,5,88
JULY-29-2023,94,5,38,8,0.83269,-0.54758,0,93
JULY-30-2023,94,6,39,6,0.54759,-0.83269,1,94
JULY-31-2023,94,7,42,5,0.00522,-0.93017,12,94
AUGUST-1-2023,94,7,50,6,0.32827,-0.63522,27,94
AUGUST-2-2023,93,6,44,5,0.59390,-0.08944,36,94
AUGUST-3-2023,91,4,46,6,0.83120,-0.47988,11,92
AUGUST-4-2023,91,4,48,6,0.22455,-0.95027,24,91
AUGUST-5-2023,93,4,44,7,-0.28066,-0.93523,24,94
AUGUST-6-2023,94,5,42,7,-0.11576,-0.98986,15,95
AUGUST-7-2023,95,6,37,7,0.63627,-0.75827,1,95
AUGUST-8-2023,95,4,44,8,0.71720,-0.67735,2,95
AUGUST-9-2023,95,4,44,7,0.44734,-0.89057,9,95
AUGUST-10-2023,95,5,28,6,0.38615,-0.89684,14,94
AUGUST-11-2023,95,6,31,7,0.85725,-0.49492,0,94
AUGUST-12-2023,94,5,25,7,0.94520,-0.28241,44,93
AUGUST-13-2023,94,4,52,8,-0.05787,-0.98480,59,94
AUGUST-14-2023,95,3,33,8,0.96976,-0.22975,1,94
AUGUST-15-2023,94,3,49,7,0.95472,-0.05787,3,96
AUGUST-16-2023,92,2,56,8,0.22801,-0.95979,30,92
AUGUST-17-2023,92,5,59,8,-0.11400,-0.96976,51,93
AUGUST-18-2023,93,4,47,7,0.54759,-0.83269,4,90
AUGUST-19-2023,90,2,66,9,0.97483,-0.17188,42,92
AUGUST-20-2023,90,3,70,11,0.95472,-0.28588,50,90
AUGUST-21-2023,91,3,55,13,0.96976,0.22977,1,91
AUGUST-22-2023,92,4,24,12,0.93968,0.34203,7,92
AUGUST-23-2023,92,5,23,10,0.86602,0.50000,4,93
AUGUST-24-2023,93,6,44,8,0.79160,0.58868,5,94
AUGUST-25-2023,93,7,31,9,0.67735,0.71720,1,93
AUGUST-26-2023,93,9,21,8,0.56857,0.75679,2,92
AUGUST-27-2023,93,7,35,6,0.60547,0.07292,79,93
AUGUST-28-2023,93,5,50,8,-0.17188,-0.97482,21,91
AUGUST-29-2023,93,5,47,15,0.22977,-0.96976,34,93
AUGUST-30-2023,93,4,60,17,-0.39467,-0.91513,17,94
AUGUST-31-2023,95,7,46,9,-0.75828,-0.63627,10,96
SEPTEMBER-1-2023,95,7,49,6,0.38092,0.65978,60,95
SEPTEMBER-2-2023,90,4,53,10,0.76604,0.64279,2,91
SEPTEMBER-3-2023,90,6,39,10,0.86602,0.50000,0,91
SEPTEMBER-4-2023,90,7,34,10,0.96976,0.22977,0,91
SEPTEMBER-5-2023,91,7,22,9,1.00000,0,0,92
SEPTEMBER-6-2023,92,8,55,7,0.96976,0.22977,0,92
SEPTEMBER-7-2023,93,10,19,7,0.91513,-0.06134,0,93
SEPTEMBER-8-2023,92,8,21,7,0.93017,-0.33854,0,92
SEPTEMBER-9-2023,92,8,28,6,0.95472,0.05789,3,92
SEPTEMBER-10-2023,93,8,39,6,0.27214,-0.91694,13,91
SEPTEMBER-11-2023,93,7,40,8,0.98986,-0.11575,0,93
SEPTEMBER-12-2023,93,7,32,8,0.85724,0.49494,0,94
SEPTEMBER-13-2023,94,9,24,8,0.34479,0.80816,19,96
SEPTEMBER-14-2023,94,9,27,7,-0.00506,0.51947,10,93
SEPTEMBER-15-2023,92,6,37,6,0.89684,0.15814,63,91
SEPTEMBER-16-2023,92,5,37,6,0.41173,-0.79787,54,91
SEPTEMBER-17-2023,92,7,47,7,-0.17012,-0.95472,35,92
SEPTEMBER-18-2023,92,7,50,5,-0.25710,-0.75550,5,94
SEPTEMBER-19-2023,90,4,60,6,0.97482,0.17189,45,93
SEPTEMBER-20-2023,89,3,66,7,0.95027,-0.22454,25,92
SEPTEMBER-21-2023,89,2,58,6,0.71948,-0.38614,65,93
SEPTEMBER-22-2023,89,8,28,7,0.45533,0.78867,11,91
SEPTEMBER-23-2023,86,4,64,8,0.97483,-0.17188,16,86
SEPTEMBER-24-2023,89,6,65,7,0.95472,-0.28588,24,91
SEPTEMBER-25-2023,92,6,33,8,0.86602,-0.49999,2,92
SEPTEMBER-26-2023,91,4,69,8,0.86602,-0.49999,6,91
SEPTEMBER-27-2023,88,2,76,7,0.89684,-0.38614,25,89
SEPTEMBER-28-2023,88,4,77,7,0.79936,-0.59518,10,90
SEPTEMBER-29-2023,90,5,61,7,0.95472,-0.28588,6,93
SEPTEMBER-30-2023,91,6,41,7,0.98986,-0.11575,9,93
OCTOBER-1-2023,90,5,48,7,0.88180,0.44228,61,93
OCTOBER-2-2023,87,3,61,12,0.76604,0.64279,3,87
OCTOBER-3-2023,88,5,25,11,0.76604,0.64279,1,89
OCTOBER-4-2023,89,8,18,9,0.89057,0.44734,0,90
OCTOBER-5-2023,90,8,40,7,0.79936,0.59519,0,91
OCTOBER-6-2023,91,10,29,5,0.48613,-0.05265,6,92
OCTOBER-7-2023,91,9,44,6,-0.42200,-0.73095,32,92
OCTOBER-8-2023,90,8,62,6,-0.19922,0.42723,103,91
OCTOBER-9-2023,87,7,58,6,0.58361,0.78284,70,88
OCTOBER-11-2023,91,5,54,9,0.49493,-0.85724,15,88
OCTOBER-12-2023,93,7,50,13,-0.63627,-0.75828,0,93
OCTOBER-13-2023,94,8,45,9,-0.87228,-0.43881,0,95
OCTOBER-14-2023,92,6,59,9,-0.96976,-0.22977,8,87
OCTOBER-15-2023,91,10,35,9,-0.95027,0.10878,0,90
OCTOBER-16-2023,83,8,28,9,-0.68387,0.72494,0,79
OCTOBER-17-2023,80,14,3,8,-0.22977,0.96976,0,77
OCTOBER-18-2023,84,16,12,9,0.36412,0.83120,0,84
OCTOBER-19-2023,86,11,45,8,0.85575,0.42724,0,86
OCTOBER-20-2023,87,8,53,6,-0.33855,0.35281,0,85
OCTOBER-21-2023,88,14,10,7,-0.12558,0.32975,0,89
OCTOBER-22-2023,88,13,48,5,0.64656,0.21933,0,87
OCTOBER-23-2023,88,12,31,9,0.85724,0.49494,0,88
OCTOBER-24-2023,85,7,55,13,0.86602,0.50000,0,86
OCTOBER-25-2023,86,5,46,14,0.91512,0.39468,0,87
OCTOBER-26-2023,86,6,24,13,0.93968,0.34203,0,87
OCTOBER-27-2023,86,6,45,13,0.86602,0.50000,0,86
OCTOBER-28-2023,86,5,28,13,0.83269,0.54759,0,86
OCTOBER-29-2023,87,5,36,12,0.83269,0.54759,0,87
OCTOBER-30-2023,87,7,44,9,0.76604,0.64279,0,89
OCTOBER-31-2023,89,10,26,7,-0.32305,0.87228,0,91
NOVEMBER-1-2023,86,9,22,11,0.05788,0.99493,0,87
NOVEMBER-2-2023,81,4,57,16,0.64278,0.76604,0,81
NOVEMBER-3-2023,84,4,62,15,0.79936,0.59519,0,84
NOVEMBER-4-2023,84,5,80,10,0.63627,0.75828,24,84
NOVEMBER-5-2023,86,8,58,9,0.39467,0.91513,11,86
NOVEMBER-6-2023,85,14,29,9,0.48640,0.83896,0,86
NOVEMBER-7-2023,86,10,39,8,0.81616,0.53602,0,87
NOVEMBER-8-2023,85,9,26,9,0.96976,0.22977,0,86
NOVEMBER-9-2023,86,7,47,9,0.99493,-0.05787,0,87
NOVEMBER-10-2023,88,8,32,8,0.83269,-0.54758,0,89
NOVEMBER-11-2023,88,8,20,8,0.98986,-0.11575,0,89
NOVEMBER-12-2023,87,7,46,8,0.99493,0.05788,0,88
NOVEMBER-13-2023,86,7,64,9,0.79160,0.58868,0,87
NOVEMBER-14-2023,85,4,82,12,0.96976,0.22977,3,84
NOVEMBER-15-2023,81,-1,92,16,1.00000,0,205,81
NOVEMBER-16-2023,83,3,71,14,0.97482,0.17189,15,80
NOVEMBER-17-2023,85,10,34,8,-0.95472,0.28588,0,83
NOVEMBER-18-2023,83,8,45,9,-0.54253,0.82391,0,79
NOVEMBER-19-2023,83,12,28,8,0.05265,0.93523,0,85
NOVEMBER-20-2023,84,10,34,8,0.95027,0.10879,0,86
NOVEMBER-21-2023,84,7,36,10,0.95472,-0.28588,0,85
NOVEMBER-22-2023,85,8,47,8,0.17189,-0.97482,0,86
NOVEMBER-23-2023,84,8,46,5,0.21426,0.70444,0,85
NOVEMBER-24-2023,83,6,73,7,0.67482,0.55281,8,83
NOVEMBER-25-2023,82,6,57,7,0.79311,0.51669,5,84
NOVEMBER-26-2023,85,7,57,8,0.68387,-0.72494,0,85
NOVEMBER-27-2023,86,8,43,7,-0.52749,0.70268,0,81
NOVEMBER-28-2023,77,8,64,8,-0.05788,0.99493,0,77
NOVEMBER-29-2023,78,13,49,8,0.32826,0.90191,0,77
NOVEMBER-30-2023,81,11,47,9,0.97989,0.11401,0,82
DECEMBER-1-2023,85,8,46,9,0.91513,-0.39467,0,85
DECEMBER-2-2023,86,7,46,9,0.64279,-0.76603,0,86
DECEMBER-3-2023,87,8,51,7,0,-0.99999,0,89
DECEMBER-4-2023,87,10,45,7,-0.95027,-0.22455,0,86
DECEMBER-5-2023,84,10,62,6,-0.33855,0.93016,0,84
DECEMBER-6-2023,75,10,51,11,-0.44734,0.89057,0,71
DECEMBER-7-2023,76,12,54,8,0.61693,0.73524,0,75
DECEMBER-8-2023,80,8,64,9,0.93017,-0.33854,0,79
DECEMBER-9-2023,83,9,25,10,0.89057,-0.44733,0,83
DECEMBER-10-2023,84,7,42,10,0.49493,-0.85724,1,83
DECEMBER-11-2023,76,4,51,10,-0.05612,0.97482,0,73
DECEMBER-12-2023,79,11,71,12,0.63627,0.75828,0,77
DECEMBER-13-2023,79,2,88,14,0.83269,0.54759,27,75
DECEMBER-14-2023,77,1,91,20,0.83269,0.54759,12,74
DECEMBER-15-2023,76,1,88,19,0.93968,0.34203,4,74
DECEMBER-16-2023,77,1,89,18,0.93969,-0.34201,24,76
DECEMBER-17-2023,80,3,51,16,-0.94520,-0.16667,1,79
DECEMBER-18-2023,75,9,30,9,-0.90561,0.39120,0,74
DECEMBER-19-2023,72,14,12,10,-0.05612,0.97482,0,73
DECEMBER-20-2023,73,6,61,12,0.76604,0.64279,0,71
DECEMBER-21-2023,75,7,27,12,0.86602,0.50000,0,77
DECEMBER-22-2023,76,8,67,10,0.89057,0.44734,0,76
DECEMBER-23-2023,77,9,44,9,0.83269,0.54759,0,79
DECEMBER-24-2023,78,7,72,11,0.99493,0.05788,0,79
DECEMBER-25-2023,79,4,83,12,0.68387,-0.72494,2,76
DECEMBER-26-2023,81,6,74,9,-0.47989,-0.83120,3,83
DECEMBER-27-2023,79,8,55,7,-0.83269,0.54758,0,77
DECEMBER-28-2023,71,-2,93,10,0.08345,0.85575,5,69
DECEMBER-29-2023,73,8,75,8,-0.85725,0.49492,0,70
DECEMBER-30-2023,69,8,72,7,-0.78360,0.51321,0,66
DECEMBER-31-2023,72,13,8,6,-0.38615,0.89683,0,71
JANUARY-1-2024,74,15,21,5,-0.80816,0.46055,0,73
JANUARY-2-2024,72,12,55,8,-0.33855,0.93016,0,72
JANUARY-3-2024,75,14,83,8,0.66160,-0.56857,0,74
JANUARY-4-2024,79,10,37,10,-0.83120,0.14655,0,79
JANUARY-5-2024,77,11,56,10,0.97989,0.11401,1,78
JANUARY-6-2024,82,7,70,14,-0.22800,-0.95979,10,80
JANUARY-7-2024,76,-2,80,9,-0.32827,0.90190,0,74
JANUARY-8-2024,76,6,85,13,0.97482,0.17189,0,76
JANUARY-9-2024,82,5,67,21,0.22977,-0.96976,0,80
JANUARY-10-2024,76,4,50,6,-0.33333,0.91068,0,78
JANUARY-11-2024,78,8,87,7,0.91694,0.27214,5,72
JANUARY-12-2024,83,6,55,12,-0.05787,-0.98480,0,87
JANUARY-13-2024,82,5,74,10,-0.81616,-0.20269,0,86
JANUARY-14-2024,73,3,89,10,0.39467,0.91513,1,75
JANUARY-15-2024,81,6,69,9,0.49493,-0.85724,0,81
JANUARY-16-2024,84,8,51,10,-0.28242,-0.94521,0,85
JANUARY-17-2024,75,3,59,9,0.22278,0.93017,0,75
JANUARY-18-2024,80,7,66,8,0.79787,-0.52748,0,80
JANUARY-19-2024,82,9,69,8,-0.91694,-0.27214,0,77
JANUARY-20-2024,73,5,58,11,0.11576,0.98986,0,74
JANUARY-21-2024,71,14,76,12,0.52748,0.79787,0,71
JANUARY-22-2024,74,6,75,14,0.99493,0.05788,0,75
JANUARY-23-2024,79,6,60,13,0.95472,-0.28588,0,80
JANUARY-24-2024,81,6,75,12,0.98480,-0.17363,0,82
JANUARY-25-2024,81,5,72,11,0.83269,-0.54758,0,79
JANUARY-26-2024,82,8,59,11,0.68387,-0.72494,0,81
JANUARY-27-2024,82,7,30,11,0.68387,-0.72494,0,82
JANUARY-28-2024,84,11,34,11,-0.83626,-0.42201,0,85
JANUARY-29-2024,69,10,5,12,-0.64279,0.76603,0,68
JANUARY-30-2024,73,17,20,6,-0.05788,0.95472,0,73
JANUARY-31-2024,74,17,4,10,-0.89057,0.44733,0,73
FEBRUARY-1-2024,75,18,30,7,0.25534,0.84072,0,74
FEBRUARY-2-2024,77,13,46,5,-0.33855,-0.30371,0,77
FEBRUARY-3-2024,77,15,13,6,0,-0.33333,0,78
FEBRUARY-4-2024,77,4,67,13,0.21933,-0.89057,49,75
FEBRUARY-5-2024,72,4,65,10,-0.87079,0.25533,17,68
FEBRUARY-6-2024,69,8,54,16,-0.75828,0.63626,0,71
FEBRUARY-7-2024,75,16,25,13,0.16666,0.94520,0,77
FEBRUARY-8-2024,76,12,40,9,0.94520,0.28243,0,77
FEBRUARY-9-2024,77,9,42,9,0.95472,-0.28588,0,76
FEBRUARY-10-2024,78,9,45,9,0.68387,-0.72494,0,78
FEBRUARY-11-2024,80,8,43,12,0.39468,-0.91513,0,80
FEBRUARY-12-2024,83,9,30,13,-0.05612,-0.97482,0,85
FEBRUARY-13-2024,81,5,31,9,-0.83269,0.54758,0,82
FEBRUARY-14-2024,77,14,36,8,0.69135,0.64656,0,80
FEBRUARY-15-2024,78,10,55,8,0.99493,0.05788,0,78
FEBRUARY-16-2024,80,10,45,7,0.68387,-0.72494,0,79
FEBRUARY-17-2024,84,12,69,10,-0.58867,-0.79161,0,84
FEBRUARY-18-2024,79,3,88,11,-0.56934,-0.76857,59,76
FEBRUARY-19-2024,72,6,67,12,-0.54759,0.83269,0,70
FEBRUARY-20-2024,72,14,5,8,-0.50000,0.86602,0,70
FEBRUARY-21-2024,73,16,10,10,-0.17189,0.97482,0,74
FEBRUARY-22-2024,76,18,26,7,0.48464,0.13080,0,77
FEBRUARY-23-2024,79,15,37,11,-0.58361,-0.78284,0,79
FEBRUARY-24-2024,77,7,16,11,-0.54759,0.83269,0,76
FEBRUARY-25-2024,75,19,5,7,-0.17365,0.98480,0,77
FEBRUARY-26-2024,77,16,13,8,0.91694,0.15638,0,76
FEBRUARY-27-2024,78,13,24,10,0.89057,-0.44733,0,78
FEBRUARY-28-2024,81,11,28,10,0.59519,-0.79936,0,80
FEBRUARY-29-2024,82,12,43,8,0.97482,0.17189,0,81
MARCH-1-2024,81,7,71,11,0.83269,-0.54758,0,79
MARCH-2-2024,81,8,83,9,0.54759,-0.83269,0,80
MARCH-3-2024,83,9,55,8,0.59519,-0.79936,7,83
MARCH-4-2024,83,10,51,7,0.98480,-0.05787,0,85
MARCH-5-2024,82,8,68,9,0.72495,-0.68386,0,83
MARCH-6-2024,82,5,80,10,0.05788,-0.99492,70,82
MARCH-7-2024,83,9,56,7,-0.60040,-0.52573,6,86
MARCH-8-2024,85,9,49,8,0.75828,-0.63626,5,85
MARCH-9-2024,86,8,49,12,0.17189,-0.97482,0,86
MARCH-10-2024,87,9,58,10,-0.90191,0.10024,5,88
MARCH-11-2024,79,12,29,10,0.71068,0.66960,0,80
MARCH-12-2024,80,10,31,8,0.98986,-0.11575,0,80
MARCH-13-2024,83,11,36,7,0.83269,-0.54758,0,81
MARCH-14-2024,84,10,46,9,0.98480,-0.17363,0,84
MARCH-15-2024,83,10,38,10,0.89057,-0.44733,0,83
MARCH-16-2024,87,12,58,8,0.34202,-0.93969,0,86
MARCH-17-2024,87,11,25,10,0.22801,-0.95979,0,87
MARCH-18-2024,90,12,43,11,-0.73523,-0.61695,0,91
MARCH-19-2024,78,6,40,11,0.33002,0.91188,0,79
MARCH-20-2024,79,12,26,8,0.95027,0.10879,0,79
MARCH-21-2024,81,9,45,9,0.98480,-0.17363,0,81
MARCH-22-2024,79,3,89,14,0.75828,-0.63626,15,75
MARCH-23-2024,81,4,79,15,-0.78867,-0.45534,12,80
MARCH-24-2024,80,13,39,11,0,0.95979,0,82
MARCH-25-2024,79,6,39,13,1.00000,0,0,80
MARCH-26-2024,82,8,31,11,0.72495,-0.68386,0,82
MARCH-27-2024,85,9,38,10,0.50000,-0.86602,0,82
MARCH-28-2024,85,6,67,13,-0.83120,-0.14656,0,87
MARCH-29-2024,79,12,23,12,0.52748,0.79787,0,80
MARCH-30-2024,79,10,46,9,0.98986,-0.11575,0,79
MARCH-31-2024,81,11,9,9,0.93969,-0.34201,0,79
APRIL-1-2024,82,10,44,9,0.68387,-0.72494,0,82
APRIL-2-2024,85,11,49,10,0.34202,-0.93969,0,85
APRIL-3-2024,89,11,42,15,-0.49492,-0.85725,0,89
APRIL-4-2024,79,3,73,8,-0.79161,0.25534,0,81
APRIL-5-2024,82,15,7,9,-0.69416,0.65802,0,80
APRIL-6-2024,83,16,15,8,-0.85725,0.49492,0,82
APRIL-7-2024,81,11,43,9,0.98480,0.17365,0,81
APRIL-8-2024,80,9,44,12,0.98986,0.11576,0,80
APRIL-9-2024,81,7,50,13,0.91513,-0.39467,0,81
APRIL-10-2024,83,7,54,12,0.76604,-0.64278,0,83
APRIL-11-2024,88,8,55,15,-0.05612,-0.97482,0,87
APRIL-12-2024,85,11,12,8,-0.12558,0.75828,0,85
APRIL-13-2024,81,14,15,11,0.62469,0.74175,0,81
APRIL-14-2024,80,10,21,11,0.96976,0.22977,0,80
APRIL-15-2024,81,10,23,10,0.95472,0.28590,0,81
APRIL-16-2024,83,9,21,12,1.00000,0,0,83
APRIL-17-2024,83,8,26,11,0.98480,-0.17363,0,83
APRIL-18-2024,84,8,24,9,0.96976,-0.22975,0,84
APRIL-19-2024,86,10,25,8,0.86602,-0.49999,0,84
APRIL-20-2024,88,12,8,8,0.68387,-0.72494,0,85
APRIL-21-2024,87,9,13,10,0.34202,-0.93969,0,86
APRIL-22-2024,88,11,37,9,-0.91513,-0.16667,9,86
APRIL-23-2024,81,7,25,11,0.86602,0.50000,0,81
APRIL-24-2024,82,9,17,9,0.96976,0.22977,0,81
APRIL-25-2024,83,9,15,10,0.96976,0.22977,0,83
APRIL-26-2024,82,8,13,12,0.97482,0.17189,0,83
APRIL-27-2024,81,5,50,15,0.98480,0.17365,0,83
APRIL-28-2024,81,4,55,14,0.99493,0.05788,0,82
APRIL-29-2024,82,6,36,12,0.95472,-0.28588,0,83
APRIL-30-2024,84,6,43,10,0.79936,-0.59518,2,84
MAY-1-2024,84,6,46,8,0.86602,-0.49999,0,84
MAY-2-2024,85,6,22,10,1.00000,0,0,85
MAY-3-2024,85,6,24,11,0.98986,0.11576,0,86
MAY-4-2024,85,6,27,11,0.96976,-0.22975,0,85
MAY-5-2024,85,5,37,11,0.95472,-0.28588,0,85
MAY-6-2024,86,6,25,10,0.93969,-0.34201,0,85
MAY-7-2024,87,7,26,9,0.86602,-0.49999,0,86
MAY-8-2024,89,8,18,9,0.79936,-0.59518,0,87
MAY-9-2024,90,8,15,9,0.44734,-0.89057,0,87
MAY-10-2024,94,12,19,10,-0.17188,-0.97482,0,94
MAY-11-2024,95,13,26,11,-0.98480,-0.17365,0,94
MAY-12-2024,92,11,21,8,0.64149,0.16145,0,91
MAY-13-2024,90,7,32,11,0.86602,-0.49999,0,89
MAY-14-2024,92,7,22,13,0.34202,-0.93969,0,91
MAY-15-2024,96,10,30,13,-0.75027,-0.56082,0,96
MAY-16-2024,95,10,26,9,-0.95472,-0.28590,1,93
MAY-17-2024,94,11,43,5,-0.06066,-0.79312,2,94
MAY-18-2024,95,9,35,9,0.28589,-0.95472,0,94
MAY-19-2024,94,6,47,7,-0.60893,-0.54403,12,96
MAY-20-2024,92,8,43,5,-0.96976,-0.11401,18,94
MAY-21-2024,90,8,37,3,0.83120,0.03080,49,92
MAY-22-2024,89,7,33,6,1.00000,0,3,89
MAY-23-2024,90,8,22,6,0.97989,0.11401,0,90
MAY-24-2024,92,9,20,5,0.95472,-0.28588,0,91
MAY-25-2024,93,10,42,4,-0.17290,-0.82320,5,92
MAY-26-2024,93,10,21,6,-0.13958,-0.87079,31,96
MAY-27-2024,94,9,28,6,0.39121,-0.90561,1,93
MAY-28-2024,93,8,42,4,0.01029,-0.87228,17,92
MAY-29-2024,93,10,20,3,0.33333,0,7,94
MAY-30-2024,92,9,25,7,0.95027,0.22455,14,90
MAY-31-2024,90,7,11,10,0.91512,0.39468,0,90
JUNE-1-2024,88,6,29,13,0.91512,0.39468,5,87
JUNE-2-2024,87,5,49,10,0.98986,-0.11575,7,86
JUNE-3-2024,88,5,49,9,0.98986,0.11576,4,88
JUNE-4-2024,90,8,28,9,0.97989,0.11401,3,89
JUNE-5-2024,90,6,35,7,0.95472,-0.28588,3,90
JUNE-6-2024,93,7,39,5,0.58361,-0.78283,5,92
JUNE-7-2024,92,7,58,7,0.11400,-0.97989,28,93
JUNE-8-2024,92,6,53,5,-0.23254,-0.80816,56,91
JUNE-9-2024,91,5,55,6,-0.33002,-0.91188,76,94
JUNE-10-2024,91,4,50,8,-0.33854,-0.93017,17,91
JUNE-11-2024,86,1,95,9,-0.17188,-0.97482,74,85
JUNE-12-2024,86,1,90,10,0.00176,-0.96976,112,84
JUNE-13-2024,86,2,84,7,-0.22278,-0.93017,75,86
JUNE-14-2024,86,3,81,6,-0.59518,-0.79937,13,87
JUNE-15-2024,87,5,96,3,-0.93017,0.00521,24,85
JUNE-16-2024,89,5,80,8,0.95472,0.28590,0,91
JUNE-17-2024,88,3,60,13,0.98480,0.17365,2,89
JUNE-18-2024,89,5,41,14,0.99493,0.05788,3,89
JUNE-19-2024,88,2,43,14,0.99493,0.05788,2,89
JUNE-20-2024,89,4,24,11,0.98480,0.17365,1,89
JUNE-21-2024,90,6,43,10,0.93969,-0.34201,25,91
JUNE-22-2024,90,3,45,10,0.95472,-0.28588,13,90
JUNE-23-2024,89,4,56,8,0.91513,-0.39467,5,87
JUNE-24-2024,88,4,44,6,0.91513,-0.39467,4,87
JUNE-25-2024,90,6,58,4,-0.22278,-0.93017,30,89
JUNE-26-2024,91,6,51,5,-0.91188,-0.33003,37,91
JUNE-27-2024,91,8,51,5,-0.42723,-0.76057,25,93
JUNE-28-2024,92,8,23,5,0.48336,-0.84072,7,92
JUNE-29-2024,91,6,51,8,0.99493,0.05788,2,92
JUNE-30-2024,88,2,72,7,0.98480,0.05789,23,84
JULY-1-2024,90,6,41,7,0.64279,-0.76603,2,88
JULY-2-2024,91,5,38,6,0.79787,-0.52748,15,92
JULY-3-2024,91,3,28,9,0.98986,-0.11575,6,91
JULY-4-2024,92,5,26,8,0.96976,-0.11399,0,92
JULY-5-2024,92,8,17,4,0.78284,-0.58360,25,93
JULY-6-2024,92,7,41,4,-0.02010,-0.54252,15,91
JULY-7-2024,92,7,38,7,0.28589,-0.95472,2,93
JULY-8-2024,93,7,53,7,0.28067,-0.93523,40,92
JULY-9-2024,91,5,74,4,0.79161,-0.58867,63,92
JULY-10-2024,92,6,46,3,0.68387,-0.72494,41,92
JULY-11-2024,90,4,83,3,-0.14656,0.40267,55,91
JULY-12-2024,90,4,70,5,-0.36412,-0.83120,97,90
JULY-13-2024,91,6,45,8,0.93017,-0.33854,3,91
JULY-14-2024,92,4,20,9,0.97483,-0.17188,1,92
JULY-15-2024,91,4,40,9,0.95979,0,2,89
JULY-16-2024,92,5,35,9,0.95472,-0.28588,0,91
JULY-17-2024,91,5,47,9,0.93969,-0.34201,0,92
JULY-18-2024,92,4,39,7,0.75828,-0.63626,27,92
JULY-19-2024,92,5,44,8,0.75828,-0.63626,13,93
JULY-20-2024,92,4,28,9,0.79936,-0.59518,1,92
JULY-21-2024,92,4,36,10,0.93969,-0.34201,4,93
JULY-22-2024,89,2,63,8,0.54759,-0.83269,39,90
JULY-23-2024,90,4,28,9,0.86602,-0.49999,1,92
JULY-24-2024,91,5,20,11,0.93969,-0.34201,0,92
JULY-25-2024,91,5,20,10,0.95472,-0.28588,0,91
JULY-26-2024,92,6,14,7,0.86602,-0.49999,0,92
JULY-27-2024,92,7,38,7,0.70268,-0.52749,27,93
JULY-28-2024,93,7,43,4,0.21426,-0.88180,67,93
JULY-29-2024,91,6,62,3,0.05266,-0.93523,67,93
JULY-30-2024,91,6,45,6,0.59519,-0.79936,7,92
JULY-31-2024,92,7,28,8,0.83269,-0.54758,0,92
AUGUST-1-2024,93,5,42,8,0.93969,-0.34201,0,93
AUGUST-2-2024,92,3,33,10,0.99493,0.05788,3,94
AUGUST-3-2024,86,-1,77,14,0.71068,-0.66959,48,89
AUGUST-4-2024,90,2,56,15,0.22977,-0.96976,73,90
AUGUST-5-2024,92,5,58,12,-0.17364,-0.98480,1,93
AUGUST-6-2024,92,5,61,12,-0.62469,-0.74175,43,92
AUGUST-7-2024,94,8,38,11,-0.83269,-0.54759,5,95
AUGUST-8-2024,93,7,34,10,-0.83269,-0.54759,12,92
AUGUST-9-2024,93,6,49,8,-0.63627,-0.75828,8,94
AUGUST-10-2024,93,7,30,5,0.22455,-0.95027,9,93
AUGUST-11-2024,92,7,8,7,0.90561,-0.39120,1,92
AUGUST-12-2024,93,7,20,7,0.86602,-0.49999,0,92
AUGUST-13-2024,94,7,15,7,0.98480,-0.05787,0,94
AUGUST-14-2024,94,6,20,4,0.60190,-0.70919,10,93
AUGUST-15-2024,93,7,43,3,-0.04759,-0.65978,55,98
AUGUST-16-2024,89,3,58,8,0.88180,0.44228,66,90
AUGUST-17-2024,89,4,54,9,0.98986,0,6,91
AUGUST-18-2024,90,4,63,6,0.95472,0.05789,75,89
AUGUST-19-2024,93,6,50,6,-0.79936,-0.59519,14,90
AUGUST-20-2024,94,7,43,9,-0.72495,-0.68387,9,93
AUGUST-21-2024,94,7,40,7,-0.21426,-0.92200,28,91
AUGUST-22-2024,92,6,29,6,0.68387,-0.72494,3,92
AUGUST-23-2024,91,5,45,9,1.00000,0,5,91
AUGUST-24-2024,89,2,56,8,0.97483,-0.05612,5,84
AUGUST-25-2024,91,2,52,9,0.94520,-0.16665,2,91
AUGUST-26-2024,91,4,46,10,1.00000,0,0,92
AUGUST-27-2024,91,4,37,11,1.00000,0,2,92
AUGUST-28-2024,90,2,40,10,0.93017,-0.33854,15,89
AUGUST-29-2024,91,3,32,11,0.98986,-0.11575,3,89
AUGUST-30-2024,90,3,32,11,1.00000,0,9,90
AUGUST-31-2024,88,2,42,10,0.85725,-0.49492,15,88
SEPTEMBER-1-2024,88,2,57,11,0.63627,-0.75827,44,87
SEPTEMBER-2-2024,89,3,51,9,0.58868,-0.79160,7,90
SEPTEMBER-3-2024,90,4,54,8,0.83269,-0.54758,2,90
SEPTEMBER-4-2024,91,4,52,11,0.90561,-0.39120,2,91
SEPTEMBER-5-2024,91,4,37,10,0.93969,-0.34201,0,91
SEPTEMBER-6-2024,91,4,44,8,0.86602,-0.49999,0,91
SEPTEMBER-7-2024,91,5,45,8,0.64279,-0.76603,0,91
SEPTEMBER-8-2024,92,5,38,9,0.79936,-0.59518,0,91
SEPTEMBER-9-2024,92,4,48,7,0.68387,-0.72494,12,92
SEPTEMBER-10-2024,91,4,50,7,0.71720,-0.67735,9,89
SEPTEMBER-11-2024,90,4,46,6,0.42723,-0.85575,11,90
SEPTEMBER-12-2024,91,6,69,5,-0.38614,-0.89684,9,92
SEPTEMBER-13-2024,92,7,55,3,-0.21296,-0.68258,22,95
SEPTEMBER-14-2024,92,7,38,3,-0.90191,-0.10026,34,93
SEPTEMBER-15-2024,92,6,60,3,-0.55905,-0.43705,34,90
SEPTEMBER-16-2024,91,5,65,3,-0.42200,-0.73095,23,94
SEPTEMBER-17-2024,89,3,80,3,-0.31322,-0.87586,22,93
SEPTEMBER-18-2024,90,5,62,4,0.39468,-0.91513,115,94
SEPTEMBER-19-2024,90,5,52,2,0.11401,-0.89058,87,89
SEPTEMBER-20-2024,90,7,50,2,0.19922,0.76057,62,92
SEPTEMBER-21-2024,90,9,19,5,0.69761,0.58537,17,91
SEPTEMBER-22-2024,91,8,18,6,0.44227,0.58868,4,92
SEPTEMBER-23-2024,91,7,28,8,0.91188,0.33003,0,90
SEPTEMBER-24-2024,90,5,42,12,0.95472,-0.28588,1,91
SEPTEMBER-25-2024,89,3,70,15,0.76604,-0.64278,47,89
SEPTEMBER-26-2024,90,3,58,23,0.17189,-0.97482,22,90
SEPTEMBER-27-2024,91,4,67,14,-0.34201,-0.93969,8,91
SEPTEMBER-28-2024,93,8,19,9,-0.05787,-0.98480,0,93
SEPTEMBER-29-2024,92,7,32,7,0.49493,-0.85724,0,92
SEPTEMBER-30-2024,92,7,29,8,0.86602,-0.49999,0,91
OCTOBER-1-2024,91,8,19,7,0.93017,-0.33854,0,90
OCTOBER-2-2024,91,9,20,5,0.90561,-0.39120,0,93
OCTOBER-3-2024,91,8,27,8,0.98480,-0.05787,0,91
OCTOBER-4-2024,89,4,42,9,0.98986,-0.11575,12,87
OCTOBER-5-2024,89,5,45,8,0.98986,0,2,83
OCTOBER-6-2024,85,2,79,9,0.95472,-0.17012,114,83
OCTOBER-7-2024,84,2,89,8,-0.11400,-0.89058,26,83
OCTOBER-8-2024,86,4,82,7,-0.95978,-0.22802,5,83
OCTOBER-9-2024,88,3,66,17,0.39468,-0.91513,19,88
OCTOBER-10-2024,87,2,57,22,-0.89684,-0.38615,0,88
OCTOBER-11-2024,86,6,47,12,0.67735,0.71720,34,84
OCTOBER-12-2024,85,4,57,10,0.96976,0.22977,24,83
OCTOBER-13-2024,86,4,69,7,0.93968,0.34203,2,85
OCTOBER-14-2024,87,8,49,7,0.36935,0.86082,0,89
OCTOBER-15-2024,88,9,45,5,0.68433,0.32827,6,87
OCTOBER-16-2024,85,5,56,7,-0.02532,0.81616,0,88
OCTOBER-17-2024,80,7,51,16,0.59518,0.79936,0,81
OCTOBER-18-2024,81,3,80,17,0.76604,0.64279,0,78
OCTOBER-19-2024,83,1,61,17,0.83269,0.54759,0,83
OCTOBER-20-2024,85,7,40,13,0.79936,0.59519,0,86
OCTOBER-21-2024,85,6,22,13,0.59518,0.79936,0,86
OCTOBER-22-2024,85,6,32,13,0.59518,0.79936,0,86
OCTOBER-23-2024,86,7,27,11,0.43880,0.87228,0,87
OCTOBER-24-2024,85,8,26,9,0.79311,0.51669,0,84
OCTOBER-25-2024,85,8,42,10,0.86602,0.50000,0,85
OCTOBER-26-2024,84,8,65,10,0.83269,0.54759,0,86
OCTOBER-27-2024,82,6,68,12,0.86602,0.50000,0,83
OCTOBER-28-2024,83,6,83,13,0.91512,0.39468,0,83
OCTOBER-29-2024,84,5,67,15,0.95472,0.28590,0,85
OCTOBER-30-2024,85,5,35,16,0.98480,0.17365,5,86
OCTOBER-31-2024,83,5,30,14,0.98480,0.17365,0,85
NOVEMBER-1-2024,85,6,38,12,0.96976,0.22977,0,86
NOVEMBER-2-2024,85,6,30,13,0.99493,0.05788,0,85
NOVEMBER-3-2024,84,6,28,14,0.93968,0.34203,0,85
NOVEMBER-4-2024,85,6,41,16,0.96976,0.22977,0,85
NOVEMBER-6-2024,85,2,76,16,0.93969,-0.34201,4,86
NOVEMBER-7-2024,85,2,71,14,0.89057,-0.44733,0,85
NOVEMBER-8-2024,85,5,45,10,0.98986,-0.11575,0,86
NOVEMBER-9-2024,85,6,39,12,0.98480,0.17365,0,85
NOVEMBER-10-2024,84,5,37,13,0.99493,0.05788,1,86
NOVEMBER-11-2024,87,7,41,5,0.83896,-0.48639,0,87
NOVEMBER-12-2024,87,8,33,8,0.83269,0.54759,0,86
NOVEMBER-13-2024,84,4,49,16,0.89057,0.44734,0,85
NOVEMBER-14-2024,83,6,47,9,0.98986,-0.11575,0,83
NOVEMBER-15-2024,87,13,34,5,-0.73094,0.53776,0,87
NOVEMBER-16-2024,81,10,29,10,0.72495,0.68387,0,81
NOVEMBER-17-2024,81,7,42,10,0.95472,0.28590,0,81
NOVEMBER-18-2024,82,8,54,8,0.98986,-0.11575,0,80
NOVEMBER-19-2024,83,8,51,9,0.64279,-0.76603,0,82
NOVEMBER-20-2024,83,8,78,10,-0.38614,-0.89684,1,85
NOVEMBER-21-2024,79,4,40,10,-0.50000,0.86602,0,78
NOVEMBER-22-2024,73,14,7,10,-0.67736,0.71718,0,72
NOVEMBER-23-2024,73,15,7,7,-0.34202,0.93968,0,72
NOVEMBER-24-2024,78,17,25,6,0.70444,0.44227,0,78
NOVEMBER-25-2024,81,13,42,7,0.81616,0.53602,0,82
NOVEMBER-26-2024,82,11,31,7,0.58361,0.78284,0,84
NOVEMBER-27-2024,82,12,18,6,0.89684,0.38615,0,81
NOVEMBER-28-2024,84,13,19,3,0.71720,-0.34402,0,83
NOVEMBER-29-2024,84,14,14,2,-0.75828,-0.12558,0,85
NOVEMBER-30-2024,79,8,56,10,0.28066,0.93523,0,78
DECEMBER-1-2024,79,8,59,8,-0.28589,0.95472,0,76
DECEMBER-2-2024,75,13,8,12,0.11400,0.96976,0,75
DECEMBER-3-2024,72,12,9,12,-0.11576,0.98986,0,72
DECEMBER-4-2024,73,16,36,10,0.51069,0.76186,0,74
DECEMBER-5-2024,77,14,28,4,0.58868,0.54759,0,78
DECEMBER-6-2024,79,15,31,4,-0.39468,0.91512,0,80
DECEMBER-7-2024,77,13,20,10,0.38092,0.87735,0,79
DECEMBER-8-2024,77,12,21,9,0.91512,0.39468,0,78
DECEMBER-9-2024,80,9,52,8,0.86602,-0.49999,0,80
DECEMBER-10-2024,81,9,60,9,0.76604,-0.64278,0,80
DECEMBER-11-2024,84,8,46,9,-0.40267,-0.81322,1,86
DECEMBER-12-2024,74,13,58,13,0.28066,0.93523,0,75
DECEMBER-13-2024,77,8,46,13,0.76604,0.64279,0,79
DECEMBER-14-2024,79,8,49,14,0.89057,0.44734,3,79
DECEMBER-15-2024,80,5,55,14,0.83269,0.54759,2,80
DECEMBER-16-2024,81,6,47,12,0.86602,0.50000,5,82
DECEMBER-17-2024,80,4,68,10,0.98480,-0.05787,3,82
DECEMBER-18-2024,80,4,70,8,0.88180,-0.44226,31,82
DECEMBER-19-2024,82,9,50,3,-0.05612,0.97482,0,85
DECEMBER-20-2024,81,10,32,6,-0.72496,0.68385,0,80
DECEMBER-21-2024,71,12,27,8,-0.39468,0.91512,0,69
DECEMBER-22-2024,75,18,27,7,0.14134,0.86082,0,76
DECEMBER-23-2024,78,12,65,8,0.97989,0.11401,0,79
DECEMBER-24-2024,79,11,59,6,0.69135,0.64656,0,80
DECEMBER-25-2024,79,8,68,8,0.93016,0.33856,4,79
DECEMBER-26-2024,80,8,67,8,0.95978,0.22802,0,81
DECEMBER-27-2024,79,5,69,10,0.89057,-0.44733,0,79
DECEMBER-28-2024,79,5,65,11,0.93969,-0.34201,1,81
DECEMBER-29-2024,78,2,85,10,0.44227,-0.88180,22,75
DECEMBER-30-2024,82,8,50,3,-0.74401,0.62200,0,81
DECEMBER-31-2024,82,9,32,5,-0.89057,-0.44734,0,84
JANUARY-1-2025,80,8,40,5,-0.33855,0.93016,0,81
JANUARY-2-2025,77,12,48,8,0.62469,0.74175,0,78
JANUARY-3-2025,77,13,42,5,-0.49493,0.85724,0,77
JANUARY-4-2025,72,16,16,10,0.32826,0.90191,0,72
JANUARY-5-2025,75,13,39,9,0.98986,0,0,75
JANUARY-6-2025,80,11,44,11,-0.43880,-0.87229,0,80
JANUARY-7-2025,70,5,12,9,-0.44734,0.89057,0,71
JANUARY-8-2025,71,16,31,7,-0.17189,0.97482,0,72
JANUARY-9-2025,67,14,9,10,-0.17189,0.97482,0,67
JANUARY-10-2025,73,16,45,8,0.75028,-0.56081,0,73
JANUARY-11-2025,80,11,57,10,-0.78283,-0.15510,0,77
JANUARY-12-2025,75,14,19,3,-0.17189,0.97482,0,75
JANUARY-13-2025,79,16,5,5,0.63627,-0.75827,0,79
JANUARY-14-2025,78,8,73,5,-0.38946,0.64149,0,74
JANUARY-15-2025,75,11,23,10,0.62469,0.74175,0,75
JANUARY-16-2025,73,9,67,5,0.81322,0.40268,0,74
JANUARY-17-2025,72,7,76,6,0.73094,0.53778,15,72
JANUARY-18-2025,81,8,46,10,-0.63627,-0.75828,0,82
JANUARY-19-2025,83,10,43,10,-0.78283,-0.58362,0,85
JANUARY-20-2025,72,3,85,10,0.17364,0.98480,3,71
JANUARY-21-2025,76,7,78,6,0.11576,0.98986,0,81
JANUARY-22-2025,70,3,92,10,-0.17365,0.98480,6,69
JANUARY-23-2025,70,5,79,7,-0.72496,0.68385,0,58
JANUARY-24-2025,62,7,65,9,-0.59519,0.79936,0,59
JANUARY-25-2025,70,21,21,10,0.56857,0.75679,0,73
JANUARY-26-2025,74,10,41,8,0.83269,0.54759,0,76
JANUARY-27-2025,76,13,25,4,0.91694,0.27214,0,79
JANUARY-28-2025,77,15,16,4,-0.00522,0.93016,0,80
JANUARY-29-2025,79,17,28,2,0.32304,-0.21575,0,80
JANUARY-30-2025,79,14,17,8,0.97482,0.05613,0,79
JANUARY-31-2025,79,10,33,9,0.54253,-0.82391,0,79
FEBRUARY-1-2025,82,11,42,3,0.15638,-0.91694,0,84
FEBRUARY-2-2025,81,9,35,6,0.95472,-0.28588,0,82
FEBRUARY-3-2025,81,8,38,7,0.95472,-0.28588,0,82
FEBRUARY-4-2025,81,11,40,5,0.98986,0.11576,0,82
FEBRUARY-5-2025,80,10,29,7,0.95472,-0.28588,0,81
FEBRUARY-6-2025,81,10,13,7,0.93969,-0.34201,0,81
FEBRUARY-7-2025,81,12,19,6,0.98986,0,0,82
FEBRUARY-8-2025,82,11,20,6,0.98480,-0.17363,0,82
FEBRUARY-9-2025,82,11,31,5,0.83269,-0.54758,0,83
FEBRUARY-10-2025,82,11,18,6,0.89057,-0.44733,0,82
FEBRUARY-11-2025,81,10,17,8,0.79936,-0.59518,0,81
FEBRUARY-12-2025,82,9,22,10,0.59519,-0.79936,0,82
FEBRUARY-13-2025,84,8,29,9,0.50000,-0.86602,0,84
FEBRUARY-14-2025,83,9,24,7,0.98986,-0.11575,0,84
FEBRUARY-15-2025,82,9,21,11,0.89057,-0.44733,0,82
FEBRUARY-16-2025,85,9,44,11,-0.32826,-0.90190,0,85
FEBRUARY-17-2025,78,6,79,8,0.48640,0.83896,0,81
FEBRUARY-18-2025,80,8,63,6,0.93016,0.33856,5,83
FEBRUARY-19-2025,84,10,46,9,-0.17188,-0.97482,0,84
FEBRUARY-20-2025,81,7,65,7,-0.47990,0.83119,0,78
FEBRUARY-21-2025,74,11,46,11,0.48640,0.83896,0,75
FEBRUARY-22-2025,75,8,51,9,0.98480,0.17365,0,75
FEBRUARY-23-2025,78,13,24,6,0.80815,0.46056,0,78
FEBRUARY-24-2025,77,6,87,9,0.79936,-0.59518,49,73
FEBRUARY-25-2025,79,8,55,8,-0.89684,0.38613,0,79
FEBRUARY-26-2025,78,12,43,6,0.54401,0.60894,0,81
FEBRUARY-27-2025,81,12,46,4,0.22977,-0.96976,0,81
FEBRUARY-28-2025,80,14,22,4,0.15637,0.58361,0,81
MARCH-1-2025,82,15,23,3,-0.56857,-0.43359,0,81
MARCH-2-2025,81,17,7,7,0.10878,0.95027,0,81
MARCH-3-2025,78,13,42,9,0.85575,0.42724,12,80
MARCH-4-2025,79,8,39,12,0.93969,-0.34201,0,80
MARCH-5-2025,84,8,63,13,-0.27038,-0.89684,0,84
MARCH-6-2025,77,10,6,10,-0.83269,0.54758,0,77
MARCH-7-2025,78,22,12,5,0.75828,-0.20774,0,77
MARCH-8-2025,84,19,17,6,-0.22278,-0.93017,0,84
MARCH-9-2025,86,18,13,8,-0.53601,-0.81617,0,88
MARCH-10-2025,86,11,50,15,-0.69415,-0.65803,5,89
MARCH-11-2025,77,14,9,9,-0.33855,0.93016,0,79
MARCH-12-2025,81,19,5,4,0.71590,0.03256,0,80
MARCH-13-2025,82,17,17,7,0.49493,-0.85724,0,79
MARCH-14-2025,83,13,21,6,0.87228,-0.32304,0,83
MARCH-15-2025,83,9,26,12,0.64279,-0.76603,0,82
MARCH-16-2025,85,8,31,13,0.28589,-0.95472,0,85
MARCH-17-2025,79,5,30,12,-0.68387,0.72494,0,79
MARCH-18-2025,78,20,5,10,0.43880,0.87228,0,79
MARCH-19-2025,81,18,6,6,0.93017,-0.00521,0,80
MARCH-20-2025,85,20,20,9,-0.64655,-0.69136,0,85
MARCH-21-2025,74,13,15,8,0.23079,0.82826,0,76
MARCH-22-2025,78,17,37,5,0.91513,-0.06134,0,78
MARCH-23-2025,80,13,78,8,0.98986,-0.11575,0,79
MARCH-24-2025,84,12,45,8,0.54759,-0.83269,0,83
MARCH-25-2025,85,11,57,3,0.21426,-0.68386,42,86
MARCH-26-2025,84,13,21,7,0.60190,0.70919,0,84
MARCH-27-2025,82,10,11,12,0.93968,0.34203,0,83
MARCH-28-2025,80,6,42,15,1.00000,0,0,81
MARCH-29-2025,82,6,52,13,0.96976,-0.22975,6,80
MARCH-30-2025,83,4,62,9,0.76604,-0.64278,13,81
MARCH-31-2025,86,9,31,7,0.44734,-0.89057,13,86
APRIL-1-2025,87,11,18,5,0.67736,-0.71719,0,88
APRIL-2-2025,85,6,33,12,0.91513,-0.39467,0,85
APRIL-3-2025,85,7,34,13,0.89057,-0.44733,0,86
APRIL-4-2025,84,6,29,12,0.91513,-0.39467,0,85
APRIL-5-2025,85,6,29,12,0.79936,-0.59518,0,85
APRIL-6-2025,85,8,25,11,0.64279,-0.76603,0,84
APRIL-7-2025,87,8,17,11,0.17365,-0.98480,0,86
APRIL-8-2025,86,7,75,8,-0.83269,-0.54759,28,84
APRIL-9-2025,82,12,25,8,-0.48641,0.83895,0,81
APRIL-10-2025,83,13,47,9,0.27038,0.89684,1,82
APRIL-11-2025,85,12,21,4,0.55281,-0.01828,3,83
APRIL-12-2025,82,12,9,8,-0.63628,0.75827,0,82
APRIL-13-2025,82,15,10,7,0.82826,0.34655,0,81
APRIL-14-2025,82,10,18,8,0.96976,-0.22975,0,81
APRIL-15-2025,85,12,18,3,0.46961,-0.80293,0,86
APRIL-16-2025,85,15,18,6,0.17466,0.81322,0,85
APRIL-17-2025,83,9,8,10,0.91512,0.39468,0,83
APRIL-18-2025,82,7,30,13,0.98480,0.17365,0,83
APRIL-19-2025,82,6,26,14,1.00000,0,0,82
APRIL-20-2025,83,7,23,13,0.98480,-0.17363,0,84
APRIL-21-2025,83,6,51,10,0.98986,-0.11575,0,83
APRIL-22-2025,84,7,56,9,0.97483,-0.17188,0,83
APRIL-23-2025,84,8,27,9,0.98986,0,0,84
APRIL-24-2025,84,7,32,11,0.98480,0.17365,0,84
APRIL-25-2025,84,6,23,11,1.00000,0,0,84
APRIL-26-2025,85,7,16,9,1.00000,0,0,85
APRIL-27-2025,86,9,10,7,0.95472,-0.28588,0,85
APRIL-28-2025,85,8,13,10,0.98986,0.11576,0,85
MAY-1-2025,83,6,32,10,0.99493,-0.05787,0,84
MAY-2-2025,84,7,42,9,0.93969,-0.34201,0,84
MAY-3-2025,85,7,20,9,0.76604,-0.64278,0,83
MAY-4-2025,87,6,63,8,0.28589,-0.95472,11,84
MAY-5-2025,87,8,40,6,0.64279,-0.76603,3,87
MAY-6-2025,87,6,23,8,0.79936,-0.59518,0,87
MAY-7-2025,86,5,18,9,0.79936,-0.59518,0,86
MAY-8-2025,88,8,14,7,0.72495,-0.68386,0,86
MAY-9-2025,88,7,24,9,0.50000,-0.86602,0,86
MAY-10-2025,88,6,46,11,0.50000,-0.86602,0,88
MAY-11-2025,87,4,67,12,0.64279,-0.76603,0,87
MAY-12-2025,85,3,79,10,0.44734,-0.89057,66,84
MAY-13-2025,87,7,53,5,-0.28242,-0.94521,76,88
MAY-14-2025,88,12,13,2,-0.06640,-0.27990,0,91
MAY-15-2025,89,10,15,5,0.79161,-0.58867,0,90
MAY-16-2025,90,10,17,5,0.90561,-0.39120,0,89
MAY-17-2025,91,9,36,6,0.49493,-0.85724,0,91
MAY-18-2025,91,9,16,6,0.59519,-0.79936,0,89
MAY-19-2025,91,9,16,7,0.50000,-0.86602,0,90
MAY-20-2025,92,9,25,8,0.44734,-0.89057,0,90
MAY-21-2025,94,10,22,7,-0.10025,-0.90190,0,94
MAY-22-2025,93,10,33,4,-0.41068,-0.28867,9,94
MAY-23-2025,91,6,56,5,0.05266,-0.60190,65,91
MAY-24-2025,90,7,34,7,0.79936,-0.59518,3,90
MAY-25-2025,90,6,24,9,0.83269,-0.54758,0,90
MAY-26-2025,90,5,33,9,0.63627,-0.75827,2,91
MAY-27-2025,90,7,36,9,0.64279,-0.76603,1,90
MAY-28-2025,91,6,41,8,0.64279,-0.76603,0,90
MAY-29-2025,90,6,48,7,0.48641,-0.83895,2,90
MAY-30-2025,92,7,44,8,0.05788,-0.95472,7,92
MAY-31-2025,92,9,56,9,-0.95472,-0.05789,18,92
JUNE-4-2025,86,4,75,10,0.54759,-0.83269,27,87
JUNE-5-2025,88,4,58,10,0.76604,-0.64278,0,86
JUNE-6-2025,89,5,29,7,0.76604,-0.64278,0,89
JUNE-7-2025,90,6,17,6,0.68387,-0.72494,0,90
JUNE-8-2025,91,7,21,6,0.59519,-0.79936,0,91
JUNE-9-2025,90,4,27,8,0.68387,-0.72494,1,90
JUNE-10-2025,90,4,33,9,0.72495,-0.68386,4,91
JUNE-11-2025,88,2,67,9,0.63627,-0.75827,8,90
JUNE-12-2025,89,3,44,10,0.83269,-0.54758,6,90
JUNE-13-2025,90,4,22,11,0.83269,-0.54758,1,89
JUNE-14-2025,90,4,17,10,0.79936,-0.59518,1,89
JUNE-15-2025,90,5,20,9,0.79936,-0.59518,0,90
JUNE-16-2025,90,5,15,9,0.79936,-0.59518,0,90
JUNE-17-2025,90,5,31,10,0.83269,-0.54758,0,90
JUNE-18-2025,90,5,39,11,0.86602,-0.49999,5,90
JUNE-19-2025,90,4,44,9,0.86602,-0.49999,6,90
JUNE-20-2025,90,7,27,8,0.91513,-0.39467,1,90
JUNE-21-2025,90,5,41,9,0.84072,-0.48335,2,90
JUNE-22-2025,89,4,58,10,0.95472,-0.28588,7,89
JUNE-23-2025,90,4,29,11,1.00000,0,2,90
JUNE-24-2025,90,6,30,11,0.95472,0.28590,1,91
JUNE-25-2025,89,5,29,9,0.98986,0,3,88
JUNE-26-2025,89,6,46,8,0.79787,-0.52748,34,86
JUNE-27-2025,91,6,53,8,0.54759,-0.83269,3,90
JUNE-28-2025,90,5,35,8,0.79936,-0.59518,1,90
JUNE-29-2025,89,5,62,7,0.83269,-0.54758,2,90
JUNE-30-2025,89,6,69,8,0.76604,-0.64278,2,91
JULY-1-2025,90,5,57,8,0.59519,-0.79936,3,89
JULY-2-2025,89,4,79,9,0.11576,-0.98986,9,89
JULY-3-2025,90,4,73,8,-0.17364,-0.98480,76,87
JULY-4-2025,88,4,77,8,-0.32304,-0.87229,55,86
JULY-5-2025,90,5,69,10,-0.59518,-0.79937,14,89
JULY-6-2025,91,6,54,9,-0.05612,-0.97482,3,88
JULY-7-2025,91,6,61,5,0.68387,-0.72494,30,92
JULY-8-2025,90,5,24,8,0.90190,0.32827,2,92
JULY-9-2025,90,5,44,7,0.91694,0.15638,1,92
JULY-10-2025,91,5,42,7,0.85725,-0.49492,2,91
JULY-11-2025,90,3,41,8,0.85725,-0.49492,2,90
JULY-12-2025,91,4,49,6,0.66960,-0.71068,4,92
JULY-13-2025,91,6,54,3,0.35431,0.15509,58,88
JULY-14-2025,88,5,74,4,-0.96976,0.00174,151,91
JULY-15-2025,86,2,79,7,-0.22800,-0.95979,5,88
JULY-16-2025,88,4,57,10,0.54759,-0.83269,13,90
JULY-17-2025,90,3,60,10,0.63627,-0.75827,10,91
JULY-18-2025,91,5,58,11,0.93969,-0.34201,0,92
JULY-19-2025,92,5,24,9,0.95472,-0.28588,0,91
JULY-20-2025,92,7,13,8,0.98986,-0.11575,0,92
JULY-21-2025,93,7,31,5,0.93523,-0.28066,0,92
JULY-22-2025,91,5,62,4,-0.03079,-0.83120,55,95
JULY-23-2025,90,5,39,7,0.49493,-0.85724,1,90
JULY-24-2025,91,4,41,10,0.63627,-0.75827,2,91
JULY-25-2025,91,6,34,11,0.86602,-0.49999,0,91
JULY-26-2025,92,7,25,9,0.99493,-0.05787,0,91
JULY-27-2025,93,8,34,8,0.89684,0.38615,0,92
JULY-28-2025,93,7,20,8,0.97482,0.05613,0,93
JULY-29-2025,93,7,26,6,0.54253,-0.82391,43,91
JULY-30-2025,93,8,15,6,0.43881,-0.87228,0,92
JULY-31-2025,93,8,40,6,0.85725,-0.49492,0,94
AUGUST-1-2025,93,7,23,6,0.83269,-0.54758,0,93
AUGUST-2-2025,93,8,21,5,0.68387,-0.72494,0,94
AUGUST-3-2025,93,8,22,6,0.30294,-0.75828,0,94
AUGUST-4-2025,93,6,27,7,0.39121,-0.90561,35,92
AUGUST-5-2025,93,6,26,6,0.86082,-0.36934,4,93
AUGUST-6-2025,92,7,35,7,0.95472,0.28590,4,93
AUGUST-7-2025,90,4,49,7,0.95027,0.10879,4,89
AUGUST-8-2025,90,5,44,8,0.64150,-0.68257,33,88
AUGUST-9-2025,89,3,68,8,0.49493,-0.85724,33,83
AUGUST-10-2025,90,4,52,8,0.44734,-0.89057,9,89
AUGUST-11-2025,91,7,23,9,0.76604,-0.64278,1,91
AUGUST-12-2025,91,6,25,8,0.76604,-0.64278,1,91
AUGUST-13-2025,92,6,38,6,0.72495,-0.68386,2,91
AUGUST-14-2025,92,6,31,5,0.95472,-0.17012,1,91
AUGUST-15-2025,92,7,19,8,0.99493,0.05788,0,93
AUGUST-16-2025,92,7,34,8,0.95534,0.16666,1,93
AUGUST-17-2025,92,7,21,5,0.76604,-0.64278,1,92
AUGUST-18-2025,93,9,24,4,0.88180,-0.01374,1,94
AUGUST-19-2025,93,8,44,8,0.14134,0.86082,32,95
AUGUST-20-2025,95,11,20,8,-0.97483,0.17188,2,97
AUGUST-21-2025,93,7,52,9,-0.91512,-0.39468,13,92
AUGUST-22-2025,94,7,43,6,-0.65802,-0.69416,13,95
AUGUST-23-2025,93,7,48,5,-0.72495,-0.68387,14,90
AUGUST-24-2025,93,6,58,8,-0.33854,-0.93017,50,93
AUGUST-25-2025,92,7,59,6,0.04108,-0.80293,12,93
AUGUST-26-2025,93,8,37,4,0.75028,-0.44505,2,94
AUGUST-27-2025,92,7,41,5,0.76856,0.00800,3,95
AUGUST-28-2025,91,6,36,7,0.87228,-0.43880,2,92
AUGUST-29-2025,91,5,55,4,0.83120,-0.36412,47,93
AUGUST-30-2025,91,7,42,3,-0.25534,-0.88092,83,93
AUGUST-31-2025,91,7,39,4,-0.97483,0.17188,53,94
SEPTEMBER-1-2025,91,9,51,4,-0.87228,-0.32305,41,93
SEPTEMBER-2-2025,92,9,45,5,-0.96976,0.22975,23,94
SEPTEMBER-3-2025,91,7,62,3,-0.95027,-0.22455,45,90
SEPTEMBER-4-2025,89,5,73,5,-0.76856,-0.56935,48,88
SEPTEMBER-5-2025,88,4,80,6,-0.69135,-0.64656,28,91
SEPTEMBER-6-2025,88,5,64,8,-0.49492,-0.85725,7,86
SEPTEMBER-7-2025,90,6,54,6,-0.05612,-0.97482,40,91
SEPTEMBER-8-2025,90,6,54,5,0.03080,-0.83120,38,92
SEPTEMBER-9-2025,90,6,38,7,0.05788,-0.95472,42,89
SEPTEMBER-10-2025,91,6,49,6,-0.33854,-0.93017,52,92
SEPTEMBER-11-2025,91,6,49,3,-0.30294,-0.24759,65,94
SEPTEMBER-12-2025,89,5,63,5,0.62645,0.65654,128,90
SEPTEMBER-13-2025,86,5,77,6,0.10878,0.29374,148,91
SEPTEMBER-14-2025,90,9,45,3,-0.25534,-0.21426,4,91
SEPTEMBER-15-2025,90,8,54,3,0.81616,-0.02532,23,89
SEPTEMBER-16-2025,89,7,53,6,0.89057,0.44734,28,92
SEPTEMBER-17-2025,87,3,82,8,0.95472,0.28590,5,85
SEPTEMBER-18-2025,86,3,81,8,0.83269,0.54759,35,87
SEPTEMBER-19-2025,90,8,52,6,-0.28067,0.93523,8,92
SEPTEMBER-20-2025,90,9,35,8,0.47989,0.83120,15,89
SEPTEMBER-21-2025,89,6,51,9,0.88180,0.44228,13,86
SEPTEMBER-22-2025,89,5,73,5,0.93017,-0.33854,80,90
SEPTEMBER-23-2025,90,6,58,4,0.97989,-0.11400,4,88
SEPTEMBER-24-2025,91,7,50,5,0.88180,0.44228,16,88
SEPTEMBER-25-2025,91,8,47,3,0.94520,-0.28241,14,92
SEPTEMBER-26-2025,91,9,41,3,0.06135,-0.91513,6,90
SEPTEMBER-27-2025,90,7,46,6,0.91188,0.33003,7,91
SEPTEMBER-28-2025,88,5,69,12,0.17364,0.98480,10,88
SEPTEMBER-29-2025,91,9,45,14,-0.85725,0.49492,4,90
SEPTEMBER-30-2025,92,12,29,11,-0.85725,0.49492,0,91
OCTOBER-1-2025,91,9,45,6,-0.16667,0.91513,19,92
OCTOBER-2-2025,87,5,53,9,0.89057,0.44734,89,89
OCTOBER-3-2025,85,4,62,11,0.88180,0.44228,21,88
OCTOBER-4-2025,87,4,55,9,0.96976,0.22977,15,88
OCTOBER-5-2025,88,5,66,7,0.97482,0.17189,12,88
OCTOBER-6-2025,88,5,61,6,0.83626,0.42201,6,89
OCTOBER-7-2025,87,3,62,10,0.97482,0.17189,9,89
OCTOBER-8-2025,87,4,47,9,0.93968,0.34203,26,89
OCTOBER-9-2025,87,4,60,9,0.98480,0.17365,111,89
OCTOBER-10-2025,85,3,79,6,0.90191,-0.32826,22,80
OCTOBER-11-2025,85,6,73,7,-0.89057,-0.44734,5,86
OCTOBER-12-2025,86,10,34,4,-0.60041,-0.01504,3,88
OCTOBER-13-2025,87,10,34,7,0.61693,0.73524,0,88
OCTOBER-14-2025,87,9,32,10,0.67735,0.71720,0,86
OCTOBER-15-2025,86,10,28,10,0.43880,0.87228,0,86
OCTOBER-16-2025,86,9,34,9,0.52748,0.79787,0,86
OCTOBER-17-2025,85,6,42,13,0.86602,0.50000,0,85
OCTOBER-18-2025,85,8,39,10,0.98480,0.17365,0,85
OCTOBER-19-2025,87,7,45,9,0.68387,-0.72494,1,86
OCTOBER-20-2025,87,7,37,7,0.98986,-0.11575,1,88
OCTOBER-21-2025,88,6,31,7,0.98986,0.11576,15,87
OCTOBER-22-2025,88,8,21,9,0.91512,0.39468,0,88
OCTOBER-23-2025,87,7,13,12,0.79936,0.59519,6,88
OCTOBER-24-2025,86,7,35,16,0.76604,0.64279,0,87
OCTOBER-25-2025,86,5,39,17,0.83269,0.54759,8,85
OCTOBER-26-2025,87,4,47,14,0.99493,0.05788,9,87
OCTOBER-27-2025,88,5,48,8,0.75828,-0.63626,24,87
OCTOBER-28-2025,89,10,33,5,-0.33855,0.93016,0,89
OCTOBER-29-2025,87,8,39,6,-0.37111,0.77560,1,87
OCTOBER-30-2025,81,7,18,11,-0.84072,0.48335,0,79
OCTOBER-31-2025,79,11,14,6,-0.22801,0.95978,0,76
NOVEMBER-1-2025,81,13,32,5,0.76856,0.56935,0,82
NOVEMBER-2-2025,83,10,52,7,0.91512,0.39468,4,84
NOVEMBER-3-2025,85,9,37,9,-0.22801,0.95978,0,87
NOVEMBER-4-2025,81,7,73,12,0.76604,0.64279,0,81
NOVEMBER-5-2025,83,5,81,10,0.93968,0.34203,0,83
NOVEMBER-6-2025,83,8,77,8,0.83269,0.54759,0,84
NOVEMBER-7-2025,85,6,58,6,0.75828,-0.63626,0,87
NOVEMBER-8-2025,87,11,19,2,-0.05612,-0.64149,0,87
NOVEMBER-9-2025,88,9,40,5,-0.16666,-0.95533,11,87
NOVEMBER-10-2025,83,5,69,11,-0.78284,0.58360,0,85
NOVEMBER-11-2025,68,13,37,14,0,0.98986,0,68
NOVEMBER-12-2025,77,12,60,9,0.58361,0.78284,0,76
NOVEMBER-13-2025,79,11,31,9,0.43880,0.87228,0,78
NOVEMBER-14-2025,80,12,42,9,0.38092,0.87735,0,81
NOVEMBER-15-2025,81,12,20,8,0.79311,0.51669,0,81
NOVEMBER-16-2025,83,13,33,4,-0.89684,-0.15814,0,82
NOVEMBER-17-2025,82,15,8,3,-0.00506,0.63523,0,82
NOVEMBER-18-2025,83,14,15,6,0.82319,0.40444,0,83
NOVEMBER-19-2025,84,12,20,7,0.85724,0.49494,0,84
NOVEMBER-20-2025,83,10,20,8,0.91512,0.39468,0,84
NOVEMBER-21-2025,83,10,29,7,0.98986,0.11576,0,83
NOVEMBER-22-2025,83,11,46,4,0.87079,0.13959,0,83
NOVEMBER-23-2025,84,13,9,3,0.42852,0.51069,0,85
NOVEMBER-24-2025,83,11,40,8,0.87586,0.31323,2,84
NOVEMBER-25-2025,84,9,25,9,0.89057,-0.44733,0,83
NOVEMBER-26-2025,85,9,35,5,0.75828,-0.63626,0,85
NOVEMBER-27-2025,84,8,76,3,-0.71069,0.66959,4,85
NOVEMBER-28-2025,75,10,55,13,0.17188,0.97483,0,75
NOVEMBER-29-2025,78,8,45,14,0.91512,0.39468,0,78
NOVEMBER-30-2025,82,6,32,11,0.98480,0.17365,0,81
DECEMBER-1-2025,83,7,34,9,1.00000,0,0,84
DECEMBER-2-2025,85,9,67,10,-0.47989,-0.83120,0,86
DECEMBER-3-2025,84,9,27,4,-0.48641,0.83895,0,82
DECEMBER-4-2025,83,11,34,7,0.89684,0.38615,0,83
DECEMBER-5-2025,84,10,25,7,0.39468,-0.91513,0,83
DECEMBER-6-2025,85,11,35,6,0.17189,-0.97482,0,84
DECEMBER-7-2025,85,11,42,6,0.05788,-0.98480,0,85
DECEMBER-8-2025,84,7,77,9,-0.97482,-0.17189,2,87
DECEMBER-9-2025,76,6,74,9,0.39120,0.90561,2,74
DECEMBER-10-2025,81,9,39,5,-0.53602,0.81615,0,83
DECEMBER-11-2025,76,13,39,8,-0.50000,0.86602,0,75
DECEMBER-12-2025,78,16,29,7,0.88092,0.25534,0,78
DECEMBER-13-2025,81,10,63,9,0.99493,0.05788,0,80
DECEMBER-14-2025,80,7,53,5,-0.50000,0.86602,4,82
DECEMBER-15-2025,74,5,67,14,0.59518,0.79936,2,74
DECEMBER-16-2025,77,8,38,11,0.83269,0.54759,0,77
DECEMBER-17-2025,79,9,56,9,1.00000,0,0,80
DECEMBER-18-2025,82,9,64,10,0.79936,-0.59518,0,82
DECEMBER-19-2025,85,9,64,5,-0.96976,0.11399,0,86
DECEMBER-20-2025,82,12,36,7,0.82826,0.23079,0,84
DECEMBER-21-2025,82,9,45,7,0.88180,0.44228,0,83
DECEMBER-22-2025,80,7,43,13,0.83269,0.54759,0,81
DECEMBER-23-2025,80,6,50,12,0.96976,0.22977,0,81
DECEMBER-24-2025,80,11,20,10,0.72495,0.68387,0,79
DECEMBER-25-2025,80,10,27,6,0.47989,0.83120,0,81
DECEMBER-26-2025,81,14,10,5,0.33333,0.65653,0,81
DECEMBER-27-2025,81,15,4,3,-0.53602,0.81615,0,81
DECEMBER-28-2025,81,15,11,3,0.75550,0.14135,0,82
DECEMBER-29-2025,83,14,7,4,-0.93017,-0.11054,0,82
DECEMBER-30-2025,73,5,23,9,-0.44734,0.89057,0,68
DECEMBER-31-2025,67,15,4,9,-0.50000,0.86602,0,64
JANUARY-1-2026,69,19,4,7,-0.50000,0.86602,0,68
JANUARY-2-2026,73,18,17,2,-0.50015,0.04283,0,72
JANUARY-3-2026,76,18,25,4,-0.56081,-0.75028,0,78
JANUARY-4-2026,79,14,29,7,-0.83120,0.36412,0,80
JANUARY-5-2026,80,12,34,5,0.69937,0.15638,0,80
JANUARY-6-2026,80,13,23,4,0.54402,-0.04759,0,81
JANUARY-7-2026,81,14,12,3,0.56412,0.16160,0,82
JANUARY-8-2026,81,12,29,7,0.96976,-0.00174,0,83
JANUARY-9-2026,81,9,29,9,0.89057,-0.44733,0,81
JANUARY-10-2026,82,9,27,8,0.93969,-0.34201,0,82
JANUARY-11-2026,83,10,51,3,0.67988,0.49493,0,84
JANUARY-12-2026,78,7,68,10,0.68386,0.72495,0,77
JANUARY-13-2026,79,8,53,6,0.64149,0.68258,30,73
JANUARY-14-2026,80,9,53,8,-0.89684,-0.38615,3,79
JANUARY-15-2026,75,4,70,13,-0.83120,0.36412,0,72
JANUARY-16-2026,69,20,16,7,0.46960,0.69762,0,69
JANUARY-17-2026,76,12,52,5,0.74045,0.54125,0,78
JANUARY-18-2026,81,12,70,7,-0.93017,-0.11054,0,82
JANUARY-19-2026,68,12,51,11,-0.17189,0.97482,0,68
JANUARY-20-2026,73,15,35,12,0.48640,0.83896,0,74
JANUARY-21-2026,75,7,57,12,0.91512,0.39468,0,71
JANUARY-22-2026,80,8,78,7,0.59518,0.79936,0,76
JANUARY-23-2026,81,11,35,4,0.76856,0.56935,0,82
JANUARY-24-2026,81,9,37,8,0.96976,0.11401,0,83
JANUARY-25-2026,82,9,31,10,0.49493,-0.85724,0,82
JANUARY-26-2026,85,10,41,8,-0.95027,-0.22455,0,88
JANUARY-27-2026,69,13,15,11,0,0.98986,0,67
JANUARY-28-2026,69,13,57,9,-0.22977,0.96976,0,64
JANUARY-29-2026,71,18,18,10,0.42201,0.83627,0,72
JANUARY-30-2026,71,6,77,5,0,0.95979,3,69
JANUARY-31-2026,68,7,68,11,-0.91513,0.39467,0,67
FEBRUARY-1-2026,53,13,7,13,-0.72496,0.68385,0,52
FEBRUARY-2-2026,59,18,7,10,-0.44734,0.89057,0,58
FEBRUARY-3-2026,68,22,48,7,0.39745,0.78360,0,69
FEBRUARY-4-2026,74,15,38,4,0.40268,-0.14656,0,75
FEBRUARY-5-2026,74,12,60,10,-0.93523,0.05265,1,74
FEBRUARY-6-2026,66,17,7,9,-0.81616,0.53601,0,66
FEBRUARY-7-2026,75,18,7,9,-0.43881,0.87228,0,79
FEBRUARY-8-2026,73,15,25,8,0.84071,0.48336,0,74
FEBRUARY-9-2026,75,14,27,4,0.82319,0.17292,0,75
FEBRUARY-10-2026,76,15,22,5,0.89057,-0.11400,0,76
FEBRUARY-11-2026,78,13,63,4,0.54759,-0.83269,0,78
FEBRUARY-12-2026,79,16,18,4,-0.25535,0.21425,0,81
FEBRUARY-13-2026,80,14,28,5,0.06066,0.79312,0,81
FEBRUARY-14-2026,79,13,27,8,0.93523,0.05266,13,79
FEBRUARY-15-2026,79,9,50,11,0.33855,-0.93017,5,81
FEBRUARY-16-2026,83,9,40,9,-0.96976,0.11399,0,86
FEBRUARY-17-2026,79,11,41,9,0.98480,0.17365,0,80
FEBRUARY-18-2026,81,10,25,8,0.68387,-0.72494,0,80
FEBRUARY-19-2026,83,13,17,6,0.54253,-0.82391,0,82
FEBRUARY-20-2026,84,13,12,6,0.48641,-0.83895,0,83
FEBRUARY-21-2026,84,13,37,5,0.54253,-0.82391,0,84
FEBRUARY-22-2026,86,18,23,9,-0.95472,-0.28590,0,88
FEBRUARY-23-2026,69,10,6,12,-0.59519,0.79936,0,64
FEBRUARY-24-2026,66,17,6,7,0.05265,0.93523,0,67
FEBRUARY-25-2026,74,21,24,6,0.63627,-0.32975,0,72
FEBRUARY-26-2026,80,15,23,8,0.64279,-0.76603,0,79
FEBRUARY-27-2026,83,13,25,7,0.59519,-0.79936,0,83
FEBRUARY-28-2026,85,12,45,5,0.31147,-0.85575,36,87
MARCH-1-2026,81,9,72,6,0.42201,0.83627,3,84
MARCH-2-2026,80,8,44,10,0.96976,0.22977,0,82
MARCH-3-2026,82,9,39,10,0.98480,0.17365,0,83
MARCH-4-2026,82,7,40,11,0.96976,0.22977,0,81
MARCH-5-2026,83,7,43,11,0.98480,-0.17363,0,84
MARCH-6-2026,83,8,29,11,0.98986,-0.11575,0,84
MARCH-7-2026,83,7,31,11,0.98480,-0.17363,0,83
MARCH-8-2026,84,9,23,9,0.91513,-0.39467,0,84
MARCH-9-2026,85,11,22,8,0.91513,-0.39467,0,85
MARCH-10-2026,85,11,15,9,0.98986,-0.11575,0,85
MARCH-11-2026,84,10,19,10,0.86602,-0.49999,0,84
MARCH-12-2026,87,11,51,9,-0.21426,-0.92200,0,87
MARCH-13-2026,84,8,54,6,0.95027,0.22455,8,81
MARCH-14-2026,83,8,41,6,0.83269,-0.54758,7,85
MARCH-15-2026,82,5,76,10,0.63627,-0.75827,61,81
MARCH-16-2026,86,8,41,12,-0.11400,-0.97989,3,87
MARCH-17-2026,76,0,92,11,-0.17365,0.98480,1,71
MARCH-18-2026,73,9,95,11,0.17364,0.98480,9,69
MARCH-19-2026,78,11,52,12,0.22800,0.95979,4,78
MARCH-20-2026,77,10,25,12,0.39120,0.90561,0,78
MARCH-21-2026,79,15,18,8,0.51321,0.78360,0,81
MARCH-22-2026,82,17,5,4,0.28867,-0.16666,0,81
MARCH-23-2026,83,17,6,3,0.37441,0.04108,0,82
MARCH-24-2026,84,19,7,4,0.60190,0.28068,0,85
MARCH-25-2026,83,14,21,5,0.83269,-0.54758,0,82
MARCH-26-2026,83,12,18,9,0.96976,0.22977,0,83
MARCH-27-2026,83,9,32,8,0.99493,-0.05787,0,84
MARCH-28-2026,85,13,16,7,0.82319,0.40444,0,85
MARCH-29-2026,81,5,58,13,0.96976,0.22977,46,80
MARCH-30-2026,81,5,65,12,1.00000,0,3,79
MARCH-31-2026,82,6,44,12,1.00000,0,0,82
APRIL-1-2026,81,7,57,11,0.98986,0,0,80
APRIL-2-2026,82,7,71,12,0.95472,-0.28588,1,83
APRIL-3-2026,83,6,42,13,0.99493,-0.05787,0,84
APRIL-4-2026,83,7,34,13,0.99493,0.05788,13,83
APRIL-5-2026,83,5,50,11,1.00000,0,2,84
APRIL-6-2026,84,8,57,7,0.98986,-0.11575,5,84
APRIL-7-2026,82,5,79,6,0.66960,-0.19999,131,84
APRIL-8-2026,82,8,63,7,0.91694,0.15638,80,83
APRIL-9-2026,79,4,64,10,0.85724,0.49494,27,79
APRIL-10-2026,81,6,46,14,0.83269,0.54759,0,82
APRIL-12-2026,81,8,26,14,0.91512,0.39468,0,81
APRIL-13-2026,81,8,25,13,0.96976,0.22977,0,82
APRIL-14-2026,82,7,45,12,0.98480,0.17365,0,83
APRIL-15-2026,82,8,28,10,0.96976,0.22977,0,81
APRIL-16-2026,83,9,29,9,0.98480,0.17365,0,82
APRIL-17-2026,86,10,29,8,0.94520,0.28243,0,85
APRIL-18-2026,87,10,23,8,0.98480,-0.17363,0,86
